{
    "client_metrics": [
        {
            "thrus": [
                23.6434678536318, 
                30.043102839644035, 
                30.200385598523322, 
                29.45940229229501, 
                28.845535331309723, 
                35.5124229557984, 
                26.602890670100216, 
                32.47630528766212, 
                29.890925025489487, 
                31.696886478235015, 
                26.952412550876048, 
                34.68657213419541, 
                28.682182771473276, 
                28.783058061760382, 
                28.51656270478457, 
                31.108243622343434, 
                30.30442614326478, 
                30.54794148114138
            ], 
            "p99_lats": [
                0.8651459499999999, 
                0.82116564, 
                0.7682883200000001, 
                0.72374057, 
                0.6982031399999999, 
                0.62099269, 
                0.57319079, 
                0.53629947, 
                0.50388948, 
                0.5086922700000002, 
                0.41685049, 
                0.38519711, 
                0.35537915000000003, 
                0.3675656600000002, 
                0.21545043, 
                0.18601797000000003, 
                0.16602279, 
                0.11528785999999999
            ], 
            "mean_lats": [
                0.8347542699999999, 
                0.79388559, 
                0.74766136, 
                0.70743924, 
                0.6650017300000001, 
                0.59976338, 
                0.5506278, 
                0.5127707799999999, 
                0.48324564000000003, 
                0.4295379999999999, 
                0.3983772100000001, 
                0.36984259, 
                0.34349044999999995, 
                0.31912013, 
                0.20272693, 
                0.17488234, 
                0.13601801, 
                0.09921573000000002
            ]
        }
    ], 
    "node_configs": [
        {
            "model_image": "model-comp/pytorch-alexnet", 
            "name": "alexnet", 
            "cpus_per_replica": 1, 
            "input_type": "floats", 
            "use_nvidia_docker": true, 
            "batch_size": 1, 
            "num_replicas": 2, 
            "slo": 500000, 
            "allocated_cpus": [
                31, 
                30, 
                29, 
                28, 
                27, 
                26
            ], 
            "gpus": [
                7, 
                6
            ]
        }, 
        {
            "model_image": "model-comp/pytorch-res50", 
            "name": "res50", 
            "cpus_per_replica": 1, 
            "input_type": "floats", 
            "use_nvidia_docker": true, 
            "batch_size": 1, 
            "num_replicas": 1, 
            "slo": 500000, 
            "allocated_cpus": [
                25, 
                24, 
                23, 
                22, 
                21, 
                20
            ], 
            "gpus": [
                5
            ]
        }, 
        {
            "model_image": "model-comp/pytorch-res152", 
            "name": "res152", 
            "cpus_per_replica": 1, 
            "input_type": "floats", 
            "use_nvidia_docker": true, 
            "batch_size": 1, 
            "num_replicas": 1, 
            "slo": 500000, 
            "allocated_cpus": [
                19, 
                18, 
                17, 
                16, 
                15, 
                14
            ], 
            "gpus": [
                4
            ]
        }
    ], 
    "clipper_metrics": {
        "histograms": [
            {
                "model:res152:1:batch_size": {
                    "p99": "0", 
                    "min": "0", 
                    "max": "0", 
                    "p95": "0", 
                    "std_dev": "0", 
                    "size": "0", 
                    "p50": "0", 
                    "unit": "queries", 
                    "mean": "0"
                }
            }, 
            {
                "model:res152:1:prediction_latency": {
                    "p99": "0", 
                    "min": "0", 
                    "max": "0", 
                    "p95": "0", 
                    "std_dev": "0", 
                    "size": "0", 
                    "p50": "0", 
                    "unit": "microseconds", 
                    "mean": "0"
                }
            }, 
            {
                "model:res50:1:batch_size": {
                    "p99": "0", 
                    "min": "0", 
                    "max": "0", 
                    "p95": "0", 
                    "std_dev": "0", 
                    "size": "0", 
                    "p50": "0", 
                    "unit": "queries", 
                    "mean": "0"
                }
            }, 
            {
                "internal:rpc_request_queueing_delay": {
                    "p99": "0", 
                    "min": "0", 
                    "max": "0", 
                    "p95": "0", 
                    "std_dev": "0", 
                    "size": "0", 
                    "p50": "0", 
                    "unit": "microseconds", 
                    "mean": "0"
                }
            }, 
            {
                "model:res50:1:prediction_latency": {
                    "p99": "0", 
                    "min": "0", 
                    "max": "0", 
                    "p95": "0", 
                    "std_dev": "0", 
                    "size": "0", 
                    "p50": "0", 
                    "unit": "microseconds", 
                    "mean": "0"
                }
            }, 
            {
                "model:alexnet:1:batch_size": {
                    "p99": "1", 
                    "min": "1", 
                    "max": "1", 
                    "p95": "1", 
                    "std_dev": "0", 
                    "size": "4096", 
                    "p50": "1", 
                    "unit": "queries", 
                    "mean": "1"
                }
            }, 
            {
                "model:alexnet:1:prediction_latency": {
                    "p99": "12940.0299999999997453", 
                    "min": "11776", 
                    "max": "861708", 
                    "p95": "12465", 
                    "std_dev": "13282.150601531361592", 
                    "size": "4096", 
                    "p50": "12165", 
                    "unit": "microseconds", 
                    "mean": "12419.8818359375"
                }
            }, 
            {
                "app:res152:prediction_latency": {
                    "p99": "0", 
                    "min": "0", 
                    "max": "0", 
                    "p95": "0", 
                    "std_dev": "0", 
                    "size": "0", 
                    "p50": "0", 
                    "unit": "microseconds", 
                    "mean": "0"
                }
            }, 
            {
                "app:res50:prediction_latency": {
                    "p99": "0", 
                    "min": "0", 
                    "max": "0", 
                    "p95": "0", 
                    "std_dev": "0", 
                    "size": "0", 
                    "p50": "0", 
                    "unit": "microseconds", 
                    "mean": "0"
                }
            }, 
            {
                "app:alexnet:prediction_latency": {
                    "p99": "837448.319999999937863", 
                    "min": "74189", 
                    "max": "865928", 
                    "p95": "822959.899999999983265", 
                    "std_dev": "229432.965201209032983", 
                    "size": "4096", 
                    "p50": "459659.5", 
                    "unit": "microseconds",