{
    "client_metrics": [
        {
            "thrus": [
                13.005250739933741, 
                13.74853354704054, 
                14.39761460321254, 
                14.597798535198503, 
                14.724602086034377, 
                19.215430144129176, 
                14.329215737663011, 
                15.713293980959888, 
                16.439813677727702, 
                17.375907782582217, 
                15.076841383637918, 
                12.94293640539969, 
                16.822671712795273, 
                15.489215246654135, 
                15.684207884764987, 
                16.758980718792685, 
                16.41226022098124, 
                16.952183822700498, 
                15.558969193396587, 
                16.50895932968342, 
                13.09622187095245, 
                15.399583780049593, 
                14.90671304443229, 
                13.903164735679288, 
                16.417527943863874, 
                16.493234804947708, 
                18.010917497750437, 
                14.524193239162338, 
                16.88014137456004, 
                14.210173006014314, 
                18.17034113361851, 
                18.15648823014729, 
                15.496579362554407, 
                16.49731349498391, 
                16.002125082210917, 
                15.262242722466647, 
                16.334285731086695, 
                14.640025918701888, 
                19.308277110848433
            ], 
            "p99_lats": [
                4.13861007, 
                7.687130190000001, 
                11.09951491, 
                14.48797525, 
                17.82344574, 
                20.36033538, 
                23.796121170000003, 
                26.95148514, 
                29.86188608, 
                32.69451454, 
                35.9283103, 
                39.64119796000001, 
                42.56976437000001, 
                45.655556610000005, 
                48.89199021, 
                51.78080232, 
                54.73959415, 
                57.642292160000004, 
                60.77578598, 
                63.771071850000006, 
                67.40412783000001, 
                70.59991862, 
                73.81645092000001, 
                77.42282095000002, 
                80.26825253999999, 
                83.26116941999999, 
                85.96591379000002, 
                89.37176459999999, 
                92.27062197, 
                95.50800059, 
                98.23764672, 
                100.96226355, 
                104.13777649, 
                107.13930045999999, 
                110.16705291000001, 
                113.13733711, 
                116.14258686, 
                119.4815204, 
                122.02763627
            ], 
            "mean_lats": [
                2.59724966, 
                5.97163845, 
                9.50408068, 
                12.816786159999998, 
                16.26063924, 
                19.165023929999997, 
                22.027925389999996, 
                25.457412180000002, 
                28.421374440000005, 
                31.302790970000004, 
                34.289033489999994, 
                37.86232653, 
                41.152902420000004, 
                44.315914250000006, 
                47.26353609000001, 
                50.60943064999999, 
                53.40075083, 
                56.2552986, 
                59.15031559, 
                62.47625816, 
                65.8065728, 
                69.07483696, 
                72.33354997, 
                75.73126963, 
                79.02544132999999, 
                81.76245085000001, 
                84.49655831, 
                87.62369287, 
                90.80670502, 
                93.99025500000002, 
                96.94757171, 
                99.67731207999998, 
                102.69629253000001, 
                105.75608709, 
                108.69219826999999, 
                111.69230178999999, 
                114.63460589, 
                117.79478993999999, 
                120.67240562
            ]
        }
    ], 
    "node_configs": [
        {
            "model_image": "model-comp/pytorch-alexnet", 
            "name": "alexnet", 
            "cpus_per_replica": 1, 
            "input_type": "floats", 
            "use_nvidia_docker": true, 
            "batch_size": 1, 
            "num_replicas": 1, 
            "slo": 500000, 
            "allocated_cpus": [
                31, 
                30, 
                29, 
                28
            ], 
            "gpus": [
                7
            ]
        }, 
        {
            "model_image": "model-comp/pytorch-res50", 
            "name": "res50", 
            "cpus_per_replica": 1, 
            "input_type": "floats", 
            "use_nvidia_docker": true, 
            "batch_size": 1, 
            "num_replicas": 1, 
            "slo": 500000, 
            "allocated_cpus": [
                27, 
                26, 
                25, 
                24
            ], 
            "gpus": [
                6
            ]
        }, 
        {
            "model_image": "model-comp/pytorch-res152", 
            "name": "res152", 
            "cpus_per_replica": 1, 
            "input_type": "floats", 
            "use_nvidia_docker": true, 
            "batch_size": 1, 
            "num_replicas": 2, 
            "slo": 500000, 
            "allocated_cpus": [
                23, 
                22, 
                21, 
                20
            ], 
            "gpus": [
                5
            ]
        }
    ], 
    "clipper_metrics": {
        "histograms": [
            {
                "model:res152:1:batch_size": {
                    "p99": "0", 
                    "min": "0", 
                    "max": "0", 
                    "p95": "0", 
                    "std_dev": "0", 
                    "size": "0", 
                    "p50": "0", 
                    "unit": "queries", 
                    "mean": "0"
                }
            }, 
            {
                "model:res152:1:prediction_latency": {
                    "p99": "0", 
                    "min": "0", 
                    "max": "0", 
                    "p95": "0", 
                    "std_dev": "0", 
                    "size": "0", 
                    "p50": "0", 
                    "unit": "microseconds", 
                    "mean": "0"
                }
            }, 
            {
                "model:res50:1:batch_size": {
                    "p99": "0", 
                    "min": "0", 
                    "max": "0", 
                    "p95": "0", 
                    "std_dev": "0", 
                    "size": "0", 
                    "p50": "0", 
                    "unit": "queries", 
                    "mean": "0"
                }
            }, 
            {
                "internal:rpc_request_queueing_delay": {
                    "p99": "0", 
                    "min": "0", 
                    "max": "0", 
                    "p95": "0", 
                    "std_dev": "0", 
                    "size": "0", 
                    "p50": "0", 
                    "unit": "microseconds", 
                    "mean": "0"
                }
            }, 
            {
                "model:res50:1:prediction_latency": {
                    "p99": "0", 
                    "min": "0", 
                    "max": "0", 
                    "p95": "0", 
                    "std_dev": "0", 
                    "size": "0", 
                    "p50": "0", 
                    "unit": "microseconds", 
                    "mean": "0"
                }
            }, 
            {
                "model:alexnet:1:batch_size": {
                    "p99": "1", 
                    "min": "1", 
                    "max": "1", 
                    "p95": "1",