{
    "client_metrics": [
        {
            "thrus": [
                23.95771941677328, 
                29.925363151763186, 
                33.596551112449, 
                29.550556717713285, 
                30.832727213304196, 
                34.44946143434466, 
                31.829961797679847, 
                30.327163373035635, 
                29.029151945257986, 
                31.186671565053214, 
                36.78568183548781, 
                33.52658054358656, 
                30.236336275228066, 
                37.46755309901626, 
                33.043170241056536, 
                32.129401808371256, 
                29.25473561032692, 
                29.86343154121885, 
                32.584944061426526, 
                26.92240075662715, 
                32.02602050113676, 
                29.47366807757116, 
                31.36650696932418, 
                31.114660948206843, 
                32.77654720052232, 
                32.301922190483786, 
                30.72528887916604, 
                29.265446082951737, 
                38.309714117589365, 
                26.11128315545457, 
                30.931817921709712, 
                30.76907929068657, 
                31.461450442080572, 
                27.85263948323327, 
                30.79141005875309, 
                30.224611175489535, 
                35.323681490602844, 
                32.61905220124781, 
                29.961882493092286, 
                32.357977600513586, 
                33.51068303819916, 
                31.176909632480356, 
                26.97428864754693, 
                29.370637175414075, 
                32.952284104048815, 
                29.256430270809222, 
                34.36711918998075, 
                32.04533517658101, 
                37.09070866620699, 
                34.0589362644908, 
                29.628830748563523, 
                37.275211835028855, 
                30.82992303001416, 
                35.16618307303911, 
                31.354361031044267, 
                29.529927843621316, 
                29.970278474836505, 
                29.582779272529873, 
                34.46616732083452, 
                31.735896408956375, 
                27.855735147670217
            ], 
            "p99_lats": [
                0.86607722, 
                0.8356071800000001, 
                0.80047845, 
                0.76399434, 
                0.68860837, 
                0.5954846500000001, 
                0.5582031500000001, 
                0.52198023, 
                0.48969113000000003, 
                0.45173139, 
                0.36544555, 
                0.33109803, 
                0.29683913, 
                0.25168388999999997, 
                0.23647159, 
                0.25431464, 
                0.09645869, 
                0.060481230000000004, 
                0.04583428, 
                0.032847100000000004, 
                0.016755710000000004, 
                0.01760457, 
                0.01599909, 
                0.017774080000000005, 
                0.01620268, 
                0.021341470000000008, 
                0.016259629999999997, 
                0.016071620000000002, 
                0.01882427000000001, 
                0.01633076, 
                0.016299720000000004, 
                0.01666787, 
                0.018033090000000005, 
                0.17221901000000003, 
                0.020698900000000013, 
                0.01746425, 
                0.01611311, 
                0.0160308, 
                0.026788720000000002, 
                0.022799550000000005, 
                0.01603808, 
                0.016656170000000005, 
                0.016376190000000002, 
                0.01648607000000001, 
                0.01685939, 
                0.020193600000000006, 
                0.016192559999999998, 
                0.01619226, 
                0.01594704, 
                0.016380009999999997, 
                0.021067940000000004, 
                0.01622656, 
                0.016237510000000004, 
                0.018230470000000012, 
                0.019750710000001233, 
                0.016085290000000002, 
                0.01620995, 
                0.01610098, 
                0.03972479, 
                0.034842780000000004, 
                0.017212820000000004
            ], 
            "mean_lats": [
                0.84243783, 
                0.8099112700000001, 
                0.77793803, 
                0.7228301800000001, 
                0.6521445300000001, 
                0.5752483, 
                0.5359518, 
                0.5026330800000001, 
                0.47524889000000003, 
                0.42768772999999993, 
                0.3491415500000001, 
                0.31061237, 
                0.27397802, 
                0.24067242, 
                0.22236822999999994, 
                0.15156967, 
                0.07668907999999999, 
                0.04716042000000001, 
                0.04086151999999999, 
                0.01794054, 
                0.01509817, 
                0.015200220000000002, 
                0.01494996, 
                0.015449789999999996, 
                0.01498364, 
                0.015276409999999997, 
                0.01496017, 
                0.0150031, 
                0.01570617, 
                0.01507588, 
                0.01507869, 
                0.015124090000000001, 
                0.01525113, 
                0.018464179999999997, 
                0.01546001, 
                0.015205030000000001, 
                0.01485467, 
                0.014992500000000002, 
                0.01612436, 
                0.015553070000000002, 
                0.01490251, 
                0.01506168, 
                0.015097380000000002, 
                0.014990620000000001, 
                0.014987070000000002, 
                0.01539636, 
                0.014864200000000001, 
                0.015043989999999998, 
                0.01495136, 
                0.0150045, 
                0.01559994, 
                0.015001370000000003, 
                0.014967550000000001, 
                0.015114220000000001, 
                0.017538500000000002, 
                0.014928590000000002, 
                0.015011060000000003, 
                0.01499501, 
                0.02168748, 
                0.020374959999999994, 
                0.015184079999999999
            ]
        }
    ], 
    "node_configs": [
        {
            "model_image": "model-comp/pytorch-alexnet", 
            "name": "alexnet", 
            "cpus_per_replica": 1, 
            "input_type": "floats", 
            "use_nvidia_docker": true, 
            "batch_size": 1, 
            "num_replicas": 2, 
            "slo": 500000, 
            "allocated_cpus": [
                31, 
                30, 
                29, 
                28, 
                27, 
                26
            ], 
            "gpus": [
                7, 
                6
            ]
        }, 
        {
            "model_image": "model-comp/pytorch-res50", 
            "name": "res50", 
            "cpus_per_replica": 1, 
            "input_type": "floats", 
            "use_nvidia_docker": true, 
            "batch_size": 1, 
            "num_replicas": 1, 
            "slo": 500000, 
            "allocated_cpus": [
                25, 
                24, 
                23, 
                22, 
                21, 
                20
            ], 
            "gpus": [
                5
            ]
        }, 
        {
            "model_image": "model-comp/pytorch-res152", 
            "name": "res152", 
            "cpus_per_replica": 1, 
            "input_type": "floats", 
            "use_nvidia_docker": true, 
            "batch_size": 1, 
            "num_replicas": 1, 
            "slo": 500000,