{
    "client_metrics": [
        {
            "thrus": [
                15.793716375177837, 
                14.81555888510549, 
                16.417738184030696, 
                17.50527740350522, 
                17.749334666190038, 
                14.074967782398746, 
                15.86140431798182, 
                15.65078956668285, 
                17.614984009998263, 
                14.348324223343145, 
                16.146397448094177, 
                18.34719984118664, 
                16.875996527594953, 
                16.32080966883935, 
                15.465987895389913, 
                19.473570956337333, 
                17.08013401073145, 
                18.038438830842196, 
                16.06864525251876, 
                18.05309958179995, 
                15.454500636493608, 
                15.705261246812421, 
                15.205633383055755, 
                16.399825112265003, 
                16.426635197614065, 
                17.121373243710934, 
                16.17263838643646, 
                15.951960352359661, 
                15.333730988090291, 
                15.048265807751783, 
                15.651950702616066, 
                14.967259120673527, 
                15.993461872786405, 
                15.867555419024056, 
                15.800122134944104, 
                18.703198751972955, 
                14.551353399552662, 
                13.858398487438954, 
                13.719809387944212, 
                16.565037401369697, 
                15.415096960189125, 
                15.95885424363489, 
                16.496480723284897, 
                14.967928966998858, 
                15.39178795780372, 
                14.189358406875595, 
                15.41688173216683, 
                14.542611597092876, 
                15.830875589898001, 
                15.246108011662052, 
                16.431283059741517
            ], 
            "p99_lats": [
                0.85632807, 
                0.81857876, 
                0.74222561, 
                0.70691318, 
                0.67531394, 
                0.64619497, 
                0.55728057, 
                0.5474004100000001, 
                0.5124216100000001, 
                0.48907176999999996, 
                0.42374022, 
                0.34175783, 
                0.30265668, 
                0.2580173, 
                0.19902494, 
                0.19930583000000018, 
                0.06861979, 
                0.03937028, 
                0.024550020000000002, 
                0.024192540000000002, 
                0.019041620000000002, 
                0.01734886, 
                0.02625843, 
                0.01849023, 
                0.026287760000000004, 
                0.021402300000000003, 
                0.01664213, 
                0.0164152, 
                0.01605852, 
                0.01577318, 
                0.01659397, 
                0.017003209999999998, 
                0.019147110000000002, 
                0.01693082, 
                0.01622851, 
                0.020423880000000002, 
                0.02422822, 
                0.028858330000000005, 
                0.01655526, 
                0.017012040000000003, 
                0.02004545, 
                0.01774344, 
                0.01678893, 
                0.018195420000000004, 
                0.025762660000000003, 
                0.01643612, 
                0.01838085, 
                0.01684312, 
                0.01610759, 
                0.01732544, 
                0.01684205
            ], 
            "mean_lats": [
                0.82559164, 
                0.7776923400000001, 
                0.7226124499999999, 
                0.6923408699999999, 
                0.6624919600000001, 
                0.5924934900000001, 
                0.55206563, 
                0.52951663, 
                0.50152743, 
                0.45471484000000006, 
                0.35249561999999995, 
                0.32569772999999996, 
                0.28592618000000003, 
                0.23019009, 
                0.18659990000000007, 
                0.10933791, 
                0.04282299999999999, 
                0.029346730000000005, 
                0.017883470000000002, 
                0.015609609999999998, 
                0.015615690000000002, 
                0.015373350000000001, 
                0.01733863, 
                0.015316080000000001, 
                0.019804540000000002, 
                0.01681406, 
                0.015199039999999997, 
                0.01518132, 
                0.01501467, 
                0.01480126, 
                0.01524482, 
                0.01554226, 
                0.015273410000000001, 
                0.015355249999999997, 
                0.01497164, 
                0.015550859999999998, 
                0.01946682, 
                0.018429929999999997, 
                0.015258219999999998, 
                0.014966180000000004, 
                0.01550893, 
                0.01504732, 
                0.015101819999999997, 
                0.015407219999999998, 
                0.0176286, 
                0.01515036, 
                0.01524169, 
                0.01534394, 
                0.015000600000000001, 
                0.015130149999999998, 
                0.015090210000000001
            ]
        }
    ], 
    "node_configs": [
        {
            "model_image": "model-comp/pytorch-alexnet", 
            "name": "alexnet", 
            "cpus_per_replica": 1, 
            "input_type": "floats", 
            "use_nvidia_docker": true, 
            "batch_size": 1, 
            "num_replicas": 1, 
            "slo": 500000, 
            "allocated_cpus": [
                31, 
                30, 
                29, 
                28
            ], 
            "gpus": [
                7
            ]
        }, 
        {
            "model_image": "model-comp/pytorch-res50", 
            "name": "res50", 
            "cpus_per_replica": 1, 
            "input_type": "floats", 
            "use_nvidia_docker": true, 
            "batch_size": 1, 
            "num_replicas": 1, 
            "slo": 500000, 
            "allocated_cpus": [
                27, 
                26, 
                25, 
                24
            ], 
            "gpus": [
                6
            ]
        }, 
        {
            "model_image": "model-comp/pytorch-res152", 
            "name": "res152", 
            "cpus_per_replica": 1, 
            "input_type": "floats", 
            "use_nvidia_docker": true, 
            "batch_size": 1, 
            "num_replicas": 1, 
            "slo": 500000, 
            "allocated_cpus": [
                23, 
                22, 
                21, 
                20
            ], 
            "gpus": [
                5
            ]
        }
    ], 
    "clipper_metrics": {
        "histograms": [
            {
                "model:res152:1:batch_size": {
                    "p99": "0", 
                    "min": "0", 
                    "max": "0", 
                    "p95": "0", 
                    "std_dev": "0", 
                    "size": "0", 
                    "p50": "0", 
                    "unit": "queries", 
                    "mean": "0"
                }
            }, 
            {
                "model:res152:1:prediction_latency": {
                    "p99": "0", 
                    "min": "0", 
                    "max": "0", 
                    "p95": "0", 
                    "std_dev": "0", 
                    "size": "0", 
                    "p50": "0", 
                    "unit": "microseconds", 
                    "mean": "0"
                }
            }, 
            {
                "model:res50:1:batch_size": {
                    "p99": "0", 
                    "min": "0", 
                    "max": "0",