{
    "client_metrics": [
        {
            "thrus": [
                14.691478222748373, 
                18.55464854248597, 
                15.605227688854857, 
                17.742057102810783, 
                14.520605828716386, 
                15.090670027258279, 
                16.619320991049996, 
                16.211330909739363, 
                14.040879458909435
            ], 
            "p99_lats": [
                3.7349748400000005, 
                6.35763655, 
                9.47788521, 
                12.254556490000002, 
                15.59273187, 
                18.82932624, 
                21.7593276, 
                24.77547636, 
                28.10328175
            ], 
            "mean_lats": [
                2.2374201, 
                5.04542882, 
                8.22375635, 
                10.988020499999998, 
                14.108702699999998, 
                17.291432240000002, 
                20.24503394, 
                23.18375856, 
                26.473977030000004
            ]
        }
    ], 
    "node_configs": [
        {
            "model_image": "model-comp/pytorch-alexnet", 
            "name": "alexnet", 
            "cpus_per_replica": 1, 
            "input_type": "floats", 
            "use_nvidia_docker": true, 
            "batch_size": 1, 
            "num_replicas": 1, 
            "slo": 500000, 
            "allocated_cpus": [
                31, 
                30, 
                29, 
                28, 
                27, 
                26
            ], 
            "gpus": [
                7
            ]
        }, 
        {
            "model_image": "model-comp/pytorch-res50", 
            "name": "res50", 
            "cpus_per_replica": 1, 
            "input_type": "floats", 
            "use_nvidia_docker": true, 
            "batch_size": 1, 
            "num_replicas": 2, 
            "slo": 500000, 
            "allocated_cpus": [
                25, 
                24, 
                23, 
                22, 
                21, 
                20
            ], 
            "gpus": [
                6, 
                5
            ]
        }, 
        {
            "model_image": "model-comp/pytorch-res152", 
            "name": "res152", 
            "cpus_per_replica": 1, 
            "input_type": "floats", 
            "use_nvidia_docker": true, 
            "batch_size": 1, 
            "num_replicas": 1, 
            "slo": 500000, 
            "allocated_cpus": [
                19, 
                18, 
                17, 
                16, 
                15, 
                14
            ], 
            "gpus": [
                4
            ]
        }
    ], 
    "clipper_metrics": {
        "histograms": [
            {
                "model:res152:1:batch_size": {
                    "p99": "0", 
                    "min": "0", 
                    "max": "0", 
                    "p95": "0", 
                    "std_dev": "0", 
                    "size": "0", 
                    "p50": "0", 
                    "unit": "queries", 
                    "mean": "0"
                }
            }, 
            {
                "model:res152:1:prediction_latency": {
                    "p99": "0", 
                    "min": "0", 
                    "max": "0", 
                    "p95": "0", 
                    "std_dev": "0", 
                    "size": "0", 
                    "p50": "0", 
                    "unit": "microseconds", 
                    "mean": "0"
                }
            }, 
            {
                "model:res50:1:batch_size": {
                    "p99": "0", 
                    "min": "0", 
                    "max": "0", 
                    "p95": "0", 
                    "std_dev": "0", 
                    "size": "0", 
                    "p50": "0", 
                    "unit": "queries", 
                    "mean": "0"
                }
            }, 
            {
                "internal:rpc_request_queueing_delay": {
                    "p99": "0", 
                    "min": "0", 
                    "max": "0", 
                    "p95": "0", 
                    "std_dev": "0", 
                    "size": "0", 
                    "p50": "0", 
                    "unit": "microseconds", 
                    "mean": "0"
                }
            }, 
            {
                "model:res50:1:prediction_latency": {
                    "p99": "0", 
                    "min": "0", 
                    "max": "0", 
                    "p95": "0", 
                    "std_dev": "0", 
                    "size": "0", 
                    "p50": "0", 
                    "unit": "microseconds", 
                    "mean": "0"
                }
            }, 
            {
                "model:alexnet:1:batch_size": {
                    "p99": "1", 
                    "min": "1", 
                    "max": "1", 
                    "p95": "1", 
                    "std_dev": "0", 
                    "size": "4096", 
                    "p50": "1", 
                    "unit": "queries", 
                    "mean": "1"
                }
            }, 
            {
                "model:alexnet:1:prediction_latency": {
                    "p99": "12401.0299999999997453", 
                    "min": "11540", 
                    "max": "848801", 
                    "p95": "12308", 
                    "std_dev": "13073.195450490263446", 
                    "size": "4096", 
                    "p50": "12032", 
                    "unit": "microseconds", 
                    "mean": "12259.4423828125"
                }
            }, 
            {
                "app:res152:prediction_latency": {
                    "p99": "0", 
                    "min": "0", 
                    "max": "0", 
                    "p95": "0", 
                    "std_dev": "0", 
                    "size": "0", 
                    "p50": "0", 
                    "unit": "microseconds", 
                    "mean": "0"
                }
            }, 
            {
                "app:res50:prediction_latency": {
                    "p99": "0", 
                    "min": "0", 
                    "max": "0", 
                    "p95": "0", 
                    "std_dev": "0", 
                    "size": "0", 
                    "p50": "0", 
                    "unit": "microseconds", 
                    "mean": "0"
                }
            }, 
            {
                "app:alexnet:prediction_latency": {
                    "p99": "30523731.9699999968689", 
                    "min": "849097", 
                    "max": "30822318", 
                    "p95": "29234739.4999999977554", 
                    "std_dev": "8646019.81164785556666", 
                    "size": "4096", 
                    "p50": "15894706.5", 
                    "unit": "microseconds", 
                    "mean": "15831900.43994140625"
                }
            }
        ], 
        "meters": [
            {
                "app:res152:prediction_throughput": {
                    "rate": "0", 
                    "rate_1min": "0", 
                    "rate_15min": "0", 
                    "unit": "events per second", 
                    "rate_5min": "0"
                }
            }, 
            {
                "model:res50:1:prediction_throughput": {
                    "rate": "0", 
                    "rate_1min": "0", 
                    "rate_15min": "0", 
                    "unit": "events per second", 
                    "rate_5min": "0"
                }
            }, 
            {
                "model:alexnet:1:prediction_throughput": {
                    "rate": "47.736633918143006", 
                    "rate_1min": "52.223676646851025", 
                    "rate_15min": "5.3212424390311783",