{
    "client_metrics": {
        "thrus": [
            98.1966673033084, 
            267.50878431970506, 
            268.294318867798, 
            257.07172172500265, 
            213.5075554986202, 
            272.1977244270238, 
            257.04396865605844, 
            208.21469433562334, 
            270.7770624750377, 
            274.77585159905806, 
            263.02396016765147, 
            208.6878853552233, 
            207.43810824742803, 
            218.89501794939147, 
            231.254242070003, 
            226.3613655475738, 
            235.25149561138335, 
            236.42282804258448, 
            239.50632955352427, 
            190.56384984712014, 
            233.44741130165608, 
            236.0411183628188, 
            235.5487874537294, 
            220.00506011638268, 
            192.26997781204457, 
            298.7402125237872, 
            183.74449225884453, 
            217.62122590388978, 
            192.0327531063698, 
            243.4745769933568
        ], 
        "p99_lats": [
            0.7789006299999982, 
            0.78219412, 
            0.7385056200000001, 
            0.74552575, 
            0.74246409, 
            0.78097511, 
            0.74105123, 
            0.7651008300000001, 
            0.7467346100000001, 
            0.74291885, 
            0.7243415999999999, 
            0.75805849, 
            0.8337388499999999, 
            0.8672687299999999, 
            0.84984582, 
            0.78253801, 
            0.78977547, 
            0.79259894, 
            0.7678455399999999, 
            0.79180317, 
            0.9408161899999999, 
            0.7909229799999999, 
            0.79224954, 
            0.79074493, 
            0.9621557000000001, 
            0.95264587, 
            0.7950254600000001, 
            0.7944319900000001, 
            0.78875894, 
            1.02322404
        ], 
        "mean_lats": [
            0.74820972, 
            0.7387521699999999, 
            0.37146599, 
            0.69227022, 
            0.7214993199999999, 
            0.730266565, 
            0.30734514, 
            0.7313533200000001, 
            0.7217284749999999, 
            0.71992267, 
            0.36273698499999996, 
            0.72513888, 
            0.78766683, 
            0.8291429349999998, 
            0.790479205, 
            0.762060505, 
            0.7681899799999999, 
            0.7660222999999999, 
            0.23622819499999997, 
            0.768887195, 
            0.794081165, 
            0.7312668999999999, 
            0.7701170949999999, 
            0.76974098, 
            0.78691238, 
            0.7398687549999999, 
            0.327129555, 
            0.769123365, 
            0.7668872600000001, 
            0.8076918000000001
        ]
    }, 
    "node_configs": [
        {
            "model_image": "model-comp/pytorch-alexnet", 
            "name": "alexnet", 
            "cpus_per_replica": 1, 
            "input_type": "floats", 
            "batch_size": 32, 
            "num_replicas": 2, 
            "slo": 500000, 
            "allocated_cpus": [
                16, 
                17, 
                18, 
                19, 
                20, 
                21, 
                22, 
                23, 
                24, 
                25, 
                26, 
                27, 
                28, 
                29, 
                30, 
                31
            ], 
            "gpus": [
                0, 
                1
            ]
        }
    ], 
    "clipper_metrics": {
        "histograms": [
            {
                "internal:rpc_request_queueing_delay": {
                    "p99": "0", 
                    "min": "0", 
                    "max": "0", 
                    "p95": "0", 
                    "std_dev": "0", 
                    "size": "0", 
                    "p50": "0", 
                    "unit": "microseconds", 
                    "mean": "0"
                }
            }, 
            {
                "app:alexnet:prediction_latency": {
                    "p99": "804234.239999999997963", 
                    "min": "551711", 
                    "max": "966998", 
                    "p95": "784929.499999999989086", 
                    "std_dev": "35403.3258503763317471", 
                    "size": "4096", 
                    "p50": "743520.5", 
                    "unit": "microseconds", 
                    "mean": "738192.62939453125"
                }
            }, 
            {
                "model:alexnet:1:prediction_latency": {
                    "p99": "967307.119999999816969", 
                    "min": "229916", 
                    "max": "989390", 
                    "p95": "304013.999999999951683", 
                    "std_dev": "74799.7862751843324958", 
                    "size": "195", 
                    "p50": "269936", 
                    "unit": "microseconds", 
                    "mean": "272741.953846153846143"
                }
            }, 
            {
                "model:alexnet:1:batch_size": {
                    "p99": "32", 
                    "min": "1", 
                    "max": "32", 
                    "p95": "32", 
                    "std_dev": "3.12335058377458212693", 
                    "size": "195", 
                    "p50": "32", 
                    "unit": "queries", 
                    "mean": "31.682051282051282029"
                }
            }
        ], 
        "meters": [
            {
                "internal:aggregate_model_throughput": {
                    "rate": "105.87055663904269", 
                    "rate_1min": "74.994728608454267", 
                    "rate_15min": "5.9680912877728938", 
                    "unit": "events per second", 
                    "rate_5min": "17.445000039928118"
                }
            }, 
            {
                "app:alexnet:prediction_throughput": {
                    "rate": "0", 
                    "rate_1min": "0", 
                    "rate_15min": "0", 
                    "unit": "events per second", 
                    "rate_5min": "0"
                }
            }, 
            {
                "model:alexnet:1:prediction_throughput": {
                    "rate": "159.95031960678421", 
                    "rate_1min": "74.261407899675447", 
                    "rate_15min": "5.8987358270592649", 
                    "unit": "events per second", 
                    "rate_5min": "17.247079138778748"
                }
            }
        ], 
        "ratio_counters": [
            {
                "app:alexnet:default_prediction_ratio": {
                    "ratio": "0"
                }
            }, 
            {
                "model:alexnet:1:cache_hit_ratio": {
                    "ratio": "0"
                }
            }
        ], 
        "counters": [
            {
                "internal:aggregate_num_predictions": {
                    "count": "20666"
                }
            }, 
            {
                "app:alexnet:num_predictions": {
                    "count": "6178"
                }
            }, 
            {
                "model:alexnet:1:num_predictions": {
                    "count": "6178"
                }
            }
        ]
    }
}