{
    "client_metrics": {
        "thrus": [
            129.80253140896752, 
            358.1482303895936, 
            348.399886421637, 
            348.0482325240632, 
            341.3039174863649, 
            367.2696622404551, 
            354.90631360586593, 
            268.30331689975515, 
            350.5733627347527, 
            354.41575448911857, 
            343.99014812215773, 
            361.96670992168856, 
            347.18003020466267, 
            355.1647165164024, 
            357.43710447350406, 
            252.42262615451799, 
            358.7373163937573, 
            362.3096515668081, 
            339.61219683243706, 
            349.6558512284284, 
            352.1374744700331, 
            340.64876557403574, 
            329.7630981902601, 
            255.65378342034083, 
            324.7464947675221, 
            309.3236329442042, 
            328.96630562614627, 
            321.402342701676, 
            309.1854355108748, 
            270.9520441976975
        ], 
        "p99_lats": [
            0.9403532299999999, 
            0.5551536, 
            0.5572063599999999, 
            0.56428279, 
            0.5908488399999999, 
            0.5534940700000001, 
            0.55064297, 
            0.55536969, 
            0.55472064, 
            0.5567720300000001, 
            0.55995561, 
            0.56396364, 
            0.55297828, 
            0.62976768, 
            0.5486762699999999, 
            0.56659533, 
            0.55684441, 
            0.55553647, 
            0.55288607, 
            0.5562375300000001, 
            0.5667663000000001, 
            0.67151687, 
            0.58160731, 
            0.59310481, 
            0.64521328, 
            0.64100434, 
            0.14006391, 
            0.78149421, 
            0.4291569, 
            0.93117677
        ], 
        "mean_lats": [
            0.55638718, 
            0.548027145, 
            0.54827867, 
            0.550710625, 
            0.55436845, 
            0.5450223900000001, 
            0.19953525499999997, 
            0.545230765, 
            0.5484238650000001, 
            0.54940561, 
            0.55054752, 
            0.548027465, 
            0.5445456200000001, 
            0.55622526, 
            0.129326155, 
            0.53235424, 
            0.548408395, 
            0.54796952, 
            0.52340469, 
            0.549543755, 
            0.548257105, 
            0.564052925, 
            0.16247430999999998, 
            0.58372253, 
            0.6047676299999999, 
            0.039884105, 
            0.08709529499999999, 
            0.18223280500000003, 
            0.246928275, 
            0.40090817
        ]
    }, 
    "node_configs": [
        {
            "model_image": "model-comp/pytorch-alexnet", 
            "name": "alexnet", 
            "cpus_per_replica": 1, 
            "input_type": "floats", 
            "batch_size": 4, 
            "num_replicas": 4, 
            "slo": 500000, 
            "allocated_cpus": [
                16, 
                17, 
                18, 
                19, 
                20, 
                21, 
                22, 
                23, 
                24, 
                25, 
                26, 
                27, 
                28, 
                29, 
                30, 
                31
            ], 
            "gpus": [
                0, 
                1, 
                2, 
                3
            ]
        }
    ], 
    "clipper_metrics": {
        "histograms": [
            {
                "internal:rpc_request_queueing_delay": {
                    "p99": "0", 
                    "min": "0", 
                    "max": "0", 
                    "p95": "0", 
                    "std_dev": "0", 
                    "size": "0", 
                    "p50": "0", 
                    "unit": "microseconds", 
                    "mean": "0"
                }
            }, 
            {
                "app:alexnet:prediction_latency": {
                    "p99": "553607.039999999982683", 
                    "min": "435607", 
                    "max": "945159", 
                    "p95": "549431.299999999999272", 
                    "std_dev": "16301.4624998699269831", 
                    "size": "4096", 
                    "p50": "543164", 
                    "unit": "microseconds", 
                    "mean": "542462.3935546875"
                }
            }, 
            {
                "model:alexnet:1:prediction_latency": {
                    "p99": "57063.2999999999935881", 
                    "min": "42070", 
                    "max": "945024", 
                    "p95": "52038.1999999999998181", 
                    "std_dev": "44931.3062614935042944", 
                    "size": "1573", 
                    "p50": "45413", 
                    "unit": "microseconds", 
                    "mean": "48650.1538461538461036"
                }
            }, 
            {
                "model:alexnet:1:batch_size": {
                    "p99": "4", 
                    "min": "1", 
                    "max": "4", 
                    "p95": "4", 
                    "std_dev": "0.151089401045175021309", 
                    "size": "1573", 
                    "p50": "4", 
                    "unit": "queries", 
                    "mean": "3.9923712650985378669"
                }
            }
        ], 
        "meters": [
            {
                "internal:aggregate_model_throughput": {
                    "rate": "121.00895649333", 
                    "rate_1min": "82.57277865814406", 
                    "rate_15min": "6.2566331453037831", 
                    "unit": "events per second", 
                    "rate_5min": "18.422998263287436"
                }
            }, 
            {
                "app:alexnet:prediction_throughput": {
                    "rate": "0", 
                    "rate_1min": "0", 
                    "rate_15min": "0", 
                    "unit": "events per second", 
                    "rate_5min": "0"
                }
            }, 
            {
                "model:alexnet:1:prediction_throughput": {
                    "rate": "195.6510083239223", 
                    "rate_1min": "81.798503956095928", 
                    "rate_15min": "6.1870131265792336", 
                    "unit": "events per second", 
                    "rate_5min": "18.22281864216248"
                }
            }
        ], 
        "ratio_counters": [
            {
                "app:alexnet:default_prediction_ratio": {
                    "ratio": "0"
                }
            }, 
            {
                "model:alexnet:1:cache_hit_ratio": {
                    "ratio": "0"
                }
            }
        ], 
        "counters": [
            {
                "internal:aggregate_num_predictions": {
                    "count": "14201"
                }
            }, 
            {
                "app:alexnet:num_predictions": {
                    "count": "6280"
                }
            }, 
            {
                "model:alexnet:1:num_predictions": {
                    "count": "6280"
                }
            }
        ]
    }
}