{
    "client_metrics": {
        "thrus": [
            72.48338590190896, 
            116.31944343472705, 
            114.19253317864052, 
            115.59517644447733, 
            114.57273535531296, 
            115.18275760191801, 
            115.81305687984569, 
            115.61161434277687, 
            115.20697509109992, 
            116.35476801477239, 
            114.78282229151279, 
            115.58562322901153, 
            113.58241199066806, 
            115.81453229169743, 
            116.47056905190628, 
            115.37172481305454, 
            114.77353460020362, 
            114.61850091608837, 
            114.66456601181733, 
            113.61880436659789, 
            116.6034578755433, 
            116.83280291240811, 
            115.87425094538905, 
            116.02132704033656, 
            115.51045514007087, 
            116.14111842735635, 
            116.57321380693145, 
            116.72731623472696, 
            116.65011207159517, 
            115.8158736078208
        ], 
        "p99_lats": [
            0.5895302, 
            0.57300602, 
            0.5732646, 
            0.5721045499999999, 
            0.57247178, 
            0.57154591, 
            0.57135655, 
            0.57101693, 
            0.5727121799999999, 
            0.5715181, 
            0.5741114399999999, 
            0.5721066699999999, 
            0.6181592699999999, 
            0.5720330600000001, 
            0.5713655299999999, 
            0.5710977199999999, 
            0.57236759, 
            0.57286726, 
            0.57263083, 
            0.57493043, 
            0.57105826, 
            0.57086966, 
            0.5714504, 
            0.5714823400000001, 
            0.5766031399999999, 
            0.5712894700000001, 
            0.5700669799999999, 
            0.63095803, 
            0.57054437, 
            0.5707633599999999
        ], 
        "mean_lats": [
            0.5570485000000001, 
            0.552506455, 
            0.5536034, 
            0.55229078, 
            0.553204865, 
            0.551964115, 
            0.55139322, 
            0.551890475, 
            0.55293354, 
            0.55111119, 
            0.552668295, 
            0.5518905000000001, 
            0.553857245, 
            0.552149835, 
            0.550943005, 
            0.5514472499999999, 
            0.5521370050000001, 
            0.552985195, 
            0.552803055, 
            0.5529818550000001, 
            0.55118214, 
            0.551422505, 
            0.5510033049999999, 
            0.55091935, 
            0.55273885, 
            0.5515957149999999, 
            0.55044938, 
            0.55452198, 
            0.5463710350000001, 
            0.5510062050000001
        ]
    }, 
    "node_configs": [
        {
            "model_image": "model-comp/pytorch-alexnet", 
            "name": "alexnet", 
            "cpus_per_replica": 1, 
            "input_type": "floats", 
            "batch_size": 8, 
            "num_replicas": 1, 
            "slo": 500000, 
            "allocated_cpus": [
                16, 
                17, 
                18, 
                19, 
                20, 
                21, 
                22, 
                23, 
                24, 
                25, 
                26, 
                27, 
                28, 
                29, 
                30, 
                31
            ], 
            "gpus": [
                0
            ]
        }
    ], 
    "clipper_metrics": {
        "histograms": [
            {
                "internal:rpc_request_queueing_delay": {
                    "p99": "0", 
                    "min": "0", 
                    "max": "0", 
                    "p95": "0", 
                    "std_dev": "0", 
                    "size": "0", 
                    "p50": "0", 
                    "unit": "microseconds", 
                    "mean": "0"
                }
            }, 
            {
                "app:alexnet:prediction_latency": {
                    "p99": "569284.629999999994652", 
                    "min": "463973", 
                    "max": "961423", 
                    "p95": "566551.349999999996726", 
                    "std_dev": "14349.2734386437339724", 
                    "size": "4096", 
                    "p50": "546769.5", 
                    "unit": "microseconds", 
                    "mean": "547185.878662109375"
                }
            }, 
            {
                "model:alexnet:1:prediction_latency": {
                    "p99": "76914.7700000000133969", 
                    "min": "66275", 
                    "max": "961029", 
                    "p95": "70952.1000000000005912", 
                    "std_dev": "32583.2691351234215045", 
                    "size": "752", 
                    "p50": "68074", 
                    "unit": "microseconds", 
                    "mean": "69637.0053191489361879"
                }
            }, 
            {
                "model:alexnet:1:batch_size": {
                    "p99": "8", 
                    "min": "1", 
                    "max": "8", 
                    "p95": "8", 
                    "std_dev": "0.255093955431683644722", 
                    "size": "752", 
                    "p50": "8", 
                    "unit": "queries", 
                    "mean": "7.99069148936170218275"
                }
            }
        ], 
        "meters": [
            {
                "internal:aggregate_model_throughput": {
                    "rate": "71.946529827535826", 
                    "rate_1min": "64.033903577429413", 
                    "rate_15min": "6.058555214669374", 
                    "unit": "events per second", 
                    "rate_5min": "17.238592894571639"
                }
            }, 
            {
                "app:alexnet:prediction_throughput": {
                    "rate": "0", 
                    "rate_1min": "0", 
                    "rate_15min": "0", 
                    "unit": "events per second", 
                    "rate_5min": "0"
                }
            }, 
            {
                "model:alexnet:1:prediction_throughput": {
                    "rate": "94.188580271813919", 
                    "rate_1min": "63.792186174332215", 
                    "rate_15min": "6.0248274988681034", 
                    "unit": "events per second", 
                    "rate_5min": "17.147544884751198"
                }
            }
        ], 
        "ratio_counters": [
            {
                "app:alexnet:default_prediction_ratio": {
                    "ratio": "0"
                }
            }, 
            {
                "model:alexnet:1:cache_hit_ratio": {
                    "ratio": "0"
                }
            }
        ], 
        "counters": [
            {
                "internal:aggregate_num_predictions": {
                    "count": "10098"
                }
            }, 
            {
                "app:alexnet:num_predictions": {
                    "count": "6009"
                }
            }, 
            {
                "model:alexnet:1:num_predictions": {
                    "count": "6009"
                }
            }
        ]
    }
}