{
    "client_metrics": {
        "thrus": [
            115.7869751231684, 
            387.41895679697507, 
            396.1635521608741, 
            396.14550424370873, 
            380.5008532731635, 
            395.7825412405408, 
            396.9388079133721, 
            376.0677975025337, 
            359.654659595856, 
            365.12074543051386, 
            374.0310258735962, 
            324.6969359973634, 
            399.9032234199324, 
            413.58117874771756, 
            343.993698035452, 
            399.9048226522088, 
            360.6053120768522, 
            371.7181930035202, 
            440.78203548736167, 
            398.42066050177095, 
            380.0186209124247, 
            407.0443088082353, 
            310.04867764238986, 
            409.7915595232485, 
            403.04866006472963, 
            364.55437784238495, 
            302.48079625044807, 
            275.897840547602, 
            300.85050437587057, 
            292.82962733037476
        ], 
        "p99_lats": [
            0.95588102, 
            0.76017994, 
            0.74575068, 
            0.75387198, 
            0.74639387, 
            0.28068671, 
            0.73654828, 
            0.26487080999999996, 
            0.30070189999999997, 
            0.76846035, 
            0.2563512, 
            0.75153697, 
            0.26529031999999997, 
            0.74909404, 
            0.2797666, 
            0.24425486999999999, 
            0.7440043700000001, 
            0.27635918, 
            0.74336561, 
            0.29257746999999995, 
            0.28156836, 
            0.24677507999999998, 
            0.7458896500000001, 
            0.27166824, 
            0.7438340000000001, 
            0.35478844, 
            0.3007986699999954, 
            0.34233102, 
            0.34279855, 
            1.04683726
        ], 
        "mean_lats": [
            0.7433733450000001, 
            0.7394971050000001, 
            0.426604365, 
            0.221361705, 
            0.235923515, 
            0.21995705499999998, 
            0.234628385, 
            0.215101395, 
            0.21112658499999998, 
            0.19513595000000003, 
            0.191736685, 
            0.23583210000000002, 
            0.13269186000000002, 
            0.28975660000000003, 
            0.24446960500000003, 
            0.168662815, 
            0.22151511, 
            0.21009003, 
            0.308465715, 
            0.22490921999999997, 
            0.242122275, 
            0.20801064, 
            0.27977255, 
            0.13115186, 
            0.309943445, 
            0.26306791, 
            0.24338174, 
            0.23304508999999998, 
            0.18027137499999998, 
            0.40032802500000003
        ]
    }, 
    "node_configs": [
        {
            "model_image": "model-comp/pytorch-alexnet", 
            "name": "alexnet", 
            "cpus_per_replica": 1, 
            "input_type": "floats", 
            "batch_size": 32, 
            "num_replicas": 3, 
            "slo": 500000, 
            "allocated_cpus": [
                16, 
                17, 
                18, 
                19, 
                20, 
                21, 
                22, 
                23, 
                24, 
                25, 
                26, 
                27, 
                28, 
                29, 
                30, 
                31
            ], 
            "gpus": [
                0, 
                1, 
                2
            ]
        }
    ], 
    "clipper_metrics": {
        "histograms": [
            {
                "internal:rpc_request_queueing_delay": {
                    "p99": "0", 
                    "min": "0", 
                    "max": "0", 
                    "p95": "0", 
                    "std_dev": "0", 
                    "size": "0", 
                    "p50": "0", 
                    "unit": "microseconds", 
                    "mean": "0"
                }
            }, 
            {
                "app:alexnet:prediction_latency": {
                    "p99": "856816.539999999919019", 
                    "min": "617117", 
                    "max": "979511", 
                    "p95": "793952.499999999923602", 
                    "std_dev": "35114.4023329605100763", 
                    "size": "4096", 
                    "p50": "721057", 
                    "unit": "microseconds", 
                    "mean": "726814.227294921875"
                }
            }, 
            {
                "model:alexnet:1:prediction_latency": {
                    "p99": "963145.200000000194223", 
                    "min": "230894", 
                    "max": "979375", 
                    "p95": "340787.75", 
                    "std_dev": "91446.6796374002239176", 
                    "size": "194", 
                    "p50": "248061", 
                    "unit": "microseconds", 
                    "mean": "268451.407216494845358"
                }
            }, 
            {
                "model:alexnet:1:batch_size": {
                    "p99": "32", 
                    "min": "1", 
                    "max": "32", 
                    "p95": "32", 
                    "std_dev": "3.82505139496041784508", 
                    "size": "194", 
                    "p50": "32", 
                    "unit": "queries", 
                    "mean": "31.5206185567010309691"
                }
            }
        ], 
        "meters": [
            {
                "internal:aggregate_model_throughput": {
                    "rate": "123.74838826071996", 
                    "rate_1min": "69.786205056844153", 
                    "rate_15min": "5.1227732875494532", 
                    "unit": "events per second", 
                    "rate_5min": "15.154786941486851"
                }
            }, 
            {
                "app:alexnet:prediction_throughput": {
                    "rate": "0", 
                    "rate_1min": "0", 
                    "rate_15min": "0", 
                    "unit": "events per second", 
                    "rate_5min": "0"
                }
            }, 
            {
                "model:alexnet:1:prediction_throughput": {
                    "rate": "205.4830816521216", 
                    "rate_1min": "68.599660533969725", 
                    "rate_15min": "5.0181637726636534", 
                    "unit": "events per second", 
                    "rate_5min": "14.853001367925783"
                }
            }
        ], 
        "ratio_counters": [
            {
                "app:alexnet:default_prediction_ratio": {
                    "ratio": "0"
                }
            }, 
            {
                "model:alexnet:1:cache_hit_ratio": {
                    "ratio": "0"
                }
            }
        ], 
        "counters": [
            {
                "internal:aggregate_num_predictions": {
                    "count": "13104"
                }
            }, 
            {
                "app:alexnet:num_predictions": {
                    "count": "6083"
                }
            }, 
            {
                "model:alexnet:1:num_predictions": {
                    "count": "6115"
                }
            }
        ]
    }
}