{
    "client_metrics": {
        "thrus": [
            84.07900904479939, 
            139.14882662751947, 
            137.9215226536101, 
            141.4865425075094, 
            140.23111490046745, 
            139.95615173766058, 
            134.28135973304867, 
            135.81992451128596, 
            135.61593026086402, 
            136.41662181970224, 
            136.4676309014574, 
            136.6306872523569, 
            136.6079161555254, 
            136.1485216993514, 
            135.84400218165467, 
            131.6062210260679, 
            137.83217554305875, 
            135.58127080325124, 
            134.3095849363742, 
            137.1054704397178, 
            134.7896910148518, 
            136.59961219370098, 
            135.92367613737534, 
            134.71814606276115, 
            136.89900481268452, 
            136.90865728203457, 
            134.7883284090664, 
            135.86282745488845, 
            134.5463131955624, 
            133.98853728063565
        ], 
        "p99_lats": [
            0.9378176799999998, 
            0.52676474, 
            0.5288442200000001, 
            0.57732396, 
            0.53154817, 
            0.6062930799999999, 
            0.5391866099999999, 
            0.65143334, 
            0.5298536100000001, 
            0.52950157, 
            0.6880318599999999, 
            0.52921608, 
            0.75860511, 
            0.5321214, 
            0.52988983, 
            0.7928277899999999, 
            0.52776525, 
            0.53157335, 
            0.5311915, 
            0.85043965, 
            0.5324015499999999, 
            0.5326406499999999, 
            0.5320522299999999, 
            0.9735848999999999, 
            0.53502729, 
            0.53153726, 
            0.53163832, 
            0.534655, 
            0.5312170900000001, 
            1.03047669
        ], 
        "mean_lats": [
            0.53280174, 
            0.523831315, 
            0.52488325, 
            0.5243592800000001, 
            0.5243902300000001, 
            0.52434729, 
            0.527331475, 
            0.533603545, 
            0.517907025, 
            0.52570908, 
            0.52489743, 
            0.5255536399999999, 
            0.534103015, 
            0.51752718, 
            0.525472225, 
            0.5462711349999999, 
            0.505094645, 
            0.5255863799999999, 
            0.52570135, 
            0.521644955, 
            0.525915895, 
            0.525563075, 
            0.5254925500000001, 
            0.6067590700000001, 
            0.43770727, 
            0.525523135, 
            0.52563127, 
            0.5256153299999999, 
            0.52583444, 
            0.5243031600000001
        ]
    }, 
    "node_configs": [
        {
            "model_image": "model-comp/pytorch-alexnet", 
            "name": "alexnet", 
            "cpus_per_replica": 1, 
            "input_type": "floats", 
            "batch_size": 1, 
            "num_replicas": 3, 
            "slo": 500000, 
            "allocated_cpus": [
                16, 
                17, 
                18, 
                19, 
                20, 
                21, 
                22, 
                23, 
                24, 
                25, 
                26, 
                27, 
                28, 
                29, 
                30, 
                31
            ], 
            "gpus": [
                0, 
                1, 
                2
            ]
        }
    ], 
    "clipper_metrics": {
        "histograms": [
            {
                "internal:rpc_request_queueing_delay": {
                    "p99": "0", 
                    "min": "0", 
                    "max": "0", 
                    "p95": "0", 
                    "std_dev": "0", 
                    "size": "0", 
                    "p50": "0", 
                    "unit": "microseconds", 
                    "mean": "0"
                }
            }, 
            {
                "app:alexnet:prediction_latency": {
                    "p99": "527034.329999999997199", 
                    "min": "23266", 
                    "max": "965521", 
                    "p95": "522953.299999999999272", 
                    "std_dev": "49728.0520295112110496", 
                    "size": "4096", 
                    "p50": "521129", 
                    "unit": "microseconds", 
                    "mean": "511852.87255859375"
                }
            }, 
            {
                "model:alexnet:1:prediction_latency": {
                    "p99": "24168.0199999999913416", 
                    "min": "20305", 
                    "max": "965012", 
                    "p95": "23034", 
                    "std_dev": "25067.7023338936428782", 
                    "size": "4096", 
                    "p50": "21526", 
                    "unit": "microseconds", 
                    "mean": "22448.391357421875"
                }
            }, 
            {
                "model:alexnet:1:batch_size": {
                    "p99": "1", 
                    "min": "1", 
                    "max": "1", 
                    "p95": "1", 
                    "std_dev": "0", 
                    "size": "4096", 
                    "p50": "1", 
                    "unit": "queries", 
                    "mean": "1"
                }
            }
        ], 
        "meters": [
            {
                "internal:aggregate_model_throughput": {
                    "rate": "78.259983257153948", 
                    "rate_1min": "68.828302937544493", 
                    "rate_15min": "6.2584847427993111", 
                    "unit": "events per second", 
                    "rate_5min": "17.920882506395451"
                }
            }, 
            {
                "app:alexnet:prediction_throughput": {
                    "rate": "0", 
                    "rate_1min": "0", 
                    "rate_15min": "0", 
                    "unit": "events per second", 
                    "rate_5min": "0"
                }
            }, 
            {
                "model:alexnet:1:prediction_throughput": {
                    "rate": "105.28915480724676", 
                    "rate_1min": "68.497610064468233", 
                    "rate_15min": "6.2170895459949049", 
                    "unit": "events per second", 
                    "rate_5min": "17.807528510119678"
                }
            }
        ], 
        "ratio_counters": [
            {
                "app:alexnet:default_prediction_ratio": {
                    "ratio": "0"
                }
            }, 
            {
                "model:alexnet:1:cache_hit_ratio": {
                    "ratio": "0"
                }
            }
        ], 
        "counters": [
            {
                "internal:aggregate_num_predictions": {
                    "count": "34150"
                }
            }, 
            {
                "app:alexnet:num_predictions": {
                    "count": "6012"
                }
            }, 
            {
                "model:alexnet:1:num_predictions": {
                    "count": "6012"
                }
            }
        ]
    }
}