{
    "client_metrics": {
        "thrus": [
            132.09603381658468, 
            485.66675975279566, 
            450.63923175023774, 
            475.7430511780587, 
            462.74979812540056, 
            481.8197367818778, 
            467.329027675225, 
            456.7284087353876, 
            449.8799945114641, 
            481.7953622378431, 
            437.66357676181474, 
            483.57536280241595, 
            423.83028140211536, 
            479.37489513674166, 
            445.3460227260075, 
            496.7981360133937, 
            443.78173039372314, 
            449.873922833126, 
            472.885904453403, 
            474.13363930757527, 
            478.8549620148301, 
            457.5444504433606, 
            384.812230871946, 
            449.6807266840543, 
            475.6695048280455, 
            452.8359986505487, 
            470.6469277345175, 
            456.2064607958978, 
            480.2762549018195, 
            461.3237685538653
        ], 
        "p99_lats": [
            0.9548019799999997, 
            0.6483427, 
            0.6434389399999999, 
            0.23026945000000001, 
            0.62319991, 
            0.23634963999999997, 
            0.63586834, 
            0.2382496, 
            0.23426712, 
            0.6385421, 
            0.23982267, 
            0.24084436, 
            0.64240252, 
            0.23359620999999997, 
            0.6431138, 
            0.21086833, 
            0.64320105, 
            0.23931444, 
            0.63567337, 
            0.22024729, 
            0.22396633, 
            0.6375381099999999, 
            0.6407198099999999, 
            0.25538399999999994, 
            0.63851069, 
            0.23195916, 
            0.22052860999999996, 
            0.63755004, 
            0.23035987, 
            0.639236
        ], 
        "mean_lats": [
            0.6474500950000001, 
            0.637226925, 
            0.439227875, 
            0.20211709, 
            0.21553584999999997, 
            0.21109051, 
            0.23794871500000003, 
            0.213748295, 
            0.19579620499999997, 
            0.19830355, 
            0.224619475, 
            0.1953288, 
            0.246647645, 
            0.19287974500000002, 
            0.24523174499999997, 
            0.19452064999999996, 
            0.23273356499999998, 
            0.19549265500000002, 
            0.22317454499999997, 
            0.20753571999999998, 
            0.210091755, 
            0.239814985, 
            0.203679035, 
            0.135270025, 
            0.27069276000000003, 
            0.20754254500000002, 
            0.196698135, 
            0.22630880499999997, 
            0.20327187500000002, 
            0.223973135
        ]
    }, 
    "node_configs": [
        {
            "model_image": "model-comp/pytorch-alexnet", 
            "name": "alexnet", 
            "cpus_per_replica": 1, 
            "input_type": "floats", 
            "batch_size": 16, 
            "num_replicas": 4, 
            "slo": 500000, 
            "allocated_cpus": [
                16, 
                17, 
                18, 
                19, 
                20, 
                21, 
                22, 
                23, 
                24, 
                25, 
                26, 
                27, 
                28, 
                29, 
                30, 
                31
            ], 
            "gpus": [
                0, 
                1, 
                2, 
                3
            ]
        }
    ], 
    "clipper_metrics": {
        "histograms": [
            {
                "internal:rpc_request_queueing_delay": {
                    "p99": "0", 
                    "min": "0", 
                    "max": "0", 
                    "p95": "0", 
                    "std_dev": "0", 
                    "size": "0", 
                    "p50": "0", 
                    "unit": "microseconds", 
                    "mean": "0"
                }
            }, 
            {
                "app:alexnet:prediction_latency": {
                    "p99": "642443.699999999977081", 
                    "min": "507857", 
                    "max": "976350", 
                    "p95": "637912.399999999994179", 
                    "std_dev": "14421.9731518666438754", 
                    "size": "4096", 
                    "p50": "626153", 
                    "unit": "microseconds", 
                    "mean": "625216.53955078125"
                }
            }, 
            {
                "model:alexnet:1:prediction_latency": {
                    "p99": "935923.479999999492975", 
                    "min": "128414", 
                    "max": "996100", 
                    "p95": "144412.199999999994361", 
                    "std_dev": "84168.0844322001731044", 
                    "size": "383", 
                    "p50": "136501", 
                    "unit": "microseconds", 
                    "mean": "145621.425587467362931"
                }
            }, 
            {
                "model:alexnet:1:batch_size": {
                    "p99": "16", 
                    "min": "1", 
                    "max": "16", 
                    "p95": "16", 
                    "std_dev": "1.52490253268395182541", 
                    "size": "383", 
                    "p50": "16", 
                    "unit": "queries", 
                    "mean": "15.8433420365535247596"
                }
            }
        ], 
        "meters": [
            {
                "internal:aggregate_model_throughput": {
                    "rate": "130.06073266074273", 
                    "rate_1min": "80.108263518183549", 
                    "rate_15min": "5.8499452827275977", 
                    "unit": "events per second", 
                    "rate_5min": "17.319376853702476"
                }
            }, 
            {
                "app:alexnet:prediction_throughput": {
                    "rate": "0", 
                    "rate_1min": "0", 
                    "rate_15min": "0", 
                    "unit": "events per second", 
                    "rate_5min": "0"
                }
            }, 
            {
                "model:alexnet:1:prediction_throughput": {
                    "rate": "226.16919184991789", 
                    "rate_1min": "79.044190042418606", 
                    "rate_15min": "5.7623799895344616", 
                    "unit": "events per second", 
                    "rate_5min": "17.064449805548428"
                }
            }
        ], 
        "ratio_counters": [
            {
                "app:alexnet:default_prediction_ratio": {
                    "ratio": "0"
                }
            }, 
            {
                "model:alexnet:1:cache_hit_ratio": {
                    "ratio": "0"
                }
            }
        ], 
        "counters": [
            {
                "internal:aggregate_num_predictions": {
                    "count": "10777"
                }
            }, 
            {
                "app:alexnet:num_predictions": {
                    "count": "6068"
                }
            }, 
            {
                "model:alexnet:1:num_predictions": {
                    "count": "6068"
                }
            }
        ]
    }
}