{
    "client_metrics": {
        "thrus": [
            54.05186276232045, 
            78.38864305339442, 
            71.45909467043779, 
            79.78725526256788, 
            71.41880235667765, 
            78.50553719180198, 
            72.89299163042669, 
            81.62968773787401, 
            72.07279929310998, 
            77.88453150896606, 
            72.6319795700768, 
            79.39885538610076, 
            72.95981555758627, 
            78.75919612063704, 
            73.44157887643931, 
            79.53358325436312, 
            75.06284636812171, 
            82.10548008921582, 
            75.90248049306251, 
            100.49564451876657, 
            103.36237816159674, 
            112.08186459389938, 
            96.59521196853315, 
            112.84720263069399, 
            106.42775763632466, 
            116.20866893428516, 
            108.04993635858747, 
            116.95694405540016, 
            107.28261190246937, 
            116.88572024688601
        ], 
        "p99_lats": [
            0.73140266, 
            0.71702612, 
            0.71937525, 
            0.7177900199999999, 
            0.7223915200000001, 
            0.72015368, 
            0.71934926, 
            0.71921867, 
            0.7159704100000001, 
            0.71912563, 
            0.7195787699999999, 
            0.7147352099999998, 
            0.7207297199999999, 
            0.7183858599999999, 
            0.7130666899999999, 
            0.71371432, 
            0.7189423699999999, 
            0.70685352, 
            0.7075526000000001, 
            0.68933009, 
            0.65211407, 
            0.65294748, 
            0.74268088, 
            0.65333276, 
            0.6505872699999999, 
            0.75145324, 
            0.6438306699999999, 
            0.6427647999999999, 
            0.64498346, 
            0.64372688
        ], 
        "mean_lats": [
            0.67796937, 
            0.6736933249999999, 
            0.6788480100000001, 
            0.6719407900000001, 
            0.6776392999999998, 
            0.671736175, 
            0.6749084850000001, 
            0.665220115, 
            0.6754248100000001, 
            0.6747437550000001, 
            0.6708902299999999, 
            0.670693585, 
            0.67423355, 
            0.6734161799999999, 
            0.6726093249999999, 
            0.6707958149999999, 
            0.66617751, 
            0.6647143299999999, 
            0.6650504649999999, 
            0.629824235, 
            0.6121517399999999, 
            0.6101942749999999, 
            0.6224993500000001, 
            0.610602675, 
            0.6069378, 
            0.60806596, 
            0.603248135, 
            0.60362807, 
            0.6063339600000001, 
            0.604502755
        ]
    }, 
    "node_configs": [
        {
            "model_image": "model-comp/pytorch-alexnet", 
            "name": "alexnet", 
            "cpus_per_replica": 1, 
            "input_type": "floats", 
            "batch_size": 16, 
            "num_replicas": 1, 
            "slo": 500000, 
            "allocated_cpus": [
                16, 
                17, 
                18, 
                19, 
                20, 
                21, 
                22, 
                23, 
                24, 
                25, 
                26, 
                27, 
                28, 
                29, 
                30, 
                31
            ], 
            "gpus": [
                0
            ]
        }
    ], 
    "clipper_metrics": {
        "histograms": [
            {
                "internal:rpc_request_queueing_delay": {
                    "p99": "0", 
                    "min": "0", 
                    "max": "0", 
                    "p95": "0", 
                    "std_dev": "0", 
                    "size": "0", 
                    "p50": "0", 
                    "unit": "microseconds", 
                    "mean": "0"
                }
            }, 
            {
                "app:alexnet:prediction_latency": {
                    "p99": "714068.789999999925385", 
                    "min": "440879", 
                    "max": "920389", 
                    "p95": "703227.599999999969441", 
                    "std_dev": "41441.5602169430742912", 
                    "size": "4096", 
                    "p50": "643260", 
                    "unit": "microseconds", 
                    "mean": "642531.680419921875"
                }
            }, 
            {
                "model:alexnet:1:prediction_latency": {
                    "p99": "230289.520000000075015", 
                    "min": "136468", 
                    "max": "919975", 
                    "p95": "219672.499999999992951", 
                    "std_dev": "49479.4534449342949642", 
                    "size": "376", 
                    "p50": "203416.5", 
                    "unit": "microseconds", 
                    "mean": "187502.406914893617"
                }
            }, 
            {
                "model:alexnet:1:batch_size": {
                    "p99": "16", 
                    "min": "1", 
                    "max": "16", 
                    "p95": "16", 
                    "std_dev": "0.772536571716904963", 
                    "size": "376", 
                    "p50": "16", 
                    "unit": "queries", 
                    "mean": "15.9601063829787233614"
                }
            }
        ], 
        "meters": [
            {
                "internal:aggregate_model_throughput": {
                    "rate": "58.948058970376913", 
                    "rate_1min": "60.276413671824422", 
                    "rate_15min": "6.2161159519223546", 
                    "unit": "events per second", 
                    "rate_5min": "17.418781451760083"
                }
            }, 
            {
                "app:alexnet:prediction_throughput": {
                    "rate": "0", 
                    "rate_1min": "0", 
                    "rate_15min": "0", 
                    "unit": "events per second", 
                    "rate_5min": "0"
                }
            }, 
            {
                "model:alexnet:1:prediction_throughput": {
                    "rate": "73.09097481753443", 
                    "rate_1min": "60.036540007572924", 
                    "rate_15min": "6.1825646649342989", 
                    "unit": "events per second", 
                    "rate_5min": "17.32898399874605"
                }
            }
        ], 
        "ratio_counters": [
            {
                "app:alexnet:default_prediction_ratio": {
                    "ratio": "0"
                }
            }, 
            {
                "model:alexnet:1:cache_hit_ratio": {
                    "ratio": "0"
                }
            }
        ], 
        "counters": [
            {
                "internal:aggregate_num_predictions": {
                    "count": "13567"
                }
            }, 
            {
                "app:alexnet:num_predictions": {
                    "count": "6001"
                }
            }, 
            {
                "model:alexnet:1:num_predictions": {
                    "count": "6001"
                }
            }
        ]
    }
}