{
    "client_metrics": {
        "thrus": [
            125.21442971087988, 
            318.50227490249847, 
            339.81935203245956, 
            336.65216256932933, 
            311.3232952325507, 
            342.02709196595464, 
            340.7503322315739, 
            309.4523775999802, 
            344.152927794995, 
            345.3766159308418, 
            324.1217920045636, 
            251.75029391846815, 
            334.9797588480716, 
            349.0285662430042, 
            316.1465528960605, 
            230.372281607077, 
            323.25426534003117, 
            339.05028624320414, 
            332.50207813798835, 
            275.73275980919294, 
            319.6491530895689, 
            329.0566931776676, 
            311.2356053532524, 
            304.03962244359684, 
            311.2603085523439, 
            321.4695013847299, 
            306.4927422518635, 
            316.41914778830926, 
            311.16636042710695, 
            303.1966017724874
        ], 
        "p99_lats": [
            0.9337890999999996, 
            0.5821789499999999, 
            0.58510635, 
            0.5956204199999999, 
            0.58447385, 
            0.5788022300000001, 
            0.57788035, 
            0.58549057, 
            0.5843984999999999, 
            0.5847668899999999, 
            0.57815517, 
            0.6207370500000001, 
            0.5831781300000001, 
            0.58033369, 
            0.57189178, 
            0.5853456399999999, 
            0.5874085700000001, 
            0.6606912100000001, 
            0.58416535, 
            0.5910353599999999, 
            0.59056069, 
            0.5831239599999999, 
            0.58472815, 
            0.6060557799999999, 
            0.7183990299999999, 
            0.58471718, 
            0.58305878, 
            0.5837237000000001, 
            0.5872317800000001, 
            0.58761528
        ], 
        "mean_lats": [
            0.58008409, 
            0.5738026150000001, 
            0.5745709250000001, 
            0.572714255, 
            0.418246325, 
            0.5715551050000001, 
            0.563023165, 
            0.572464415, 
            0.57308636, 
            0.571313655, 
            0.23902015999999995, 
            0.573152355, 
            0.56512319, 
            0.571217425, 
            0.175318835, 
            0.5720516, 
            0.571802445, 
            0.58253163, 
            0.45098462, 
            0.5753176549999999, 
            0.576605295, 
            0.5747378949999999, 
            0.5781718050000001, 
            0.58491034, 
            0.5980166, 
            0.5479908299999999, 
            0.57709861, 
            0.5771678899999999, 
            0.57793289, 
            0.578529985
        ]
    }, 
    "node_configs": [
        {
            "model_image": "model-comp/pytorch-alexnet", 
            "name": "alexnet", 
            "cpus_per_replica": 1, 
            "input_type": "floats", 
            "batch_size": 8, 
            "num_replicas": 3, 
            "slo": 500000, 
            "allocated_cpus": [
                16, 
                17, 
                18, 
                19, 
                20, 
                21, 
                22, 
                23, 
                24, 
                25, 
                26, 
                27, 
                28, 
                29, 
                30, 
                31
            ], 
            "gpus": [
                0, 
                1, 
                2
            ]
        }
    ], 
    "clipper_metrics": {
        "histograms": [
            {
                "internal:rpc_request_queueing_delay": {
                    "p99": "0", 
                    "min": "0", 
                    "max": "0", 
                    "p95": "0", 
                    "std_dev": "0", 
                    "size": "0", 
                    "p50": "0", 
                    "unit": "microseconds", 
                    "mean": "0"
                }
            }, 
            {
                "app:alexnet:prediction_latency": {
                    "p99": "579147.629999999994652", 
                    "min": "432479", 
                    "max": "979889", 
                    "p95": "575593.949999999995271", 
                    "std_dev": "16611.9754538019455037", 
                    "size": "4096", 
                    "p50": "567219", 
                    "unit": "microseconds", 
                    "mean": "565919.392578125"
                }
            }, 
            {
                "model:alexnet:1:prediction_latency": {
                    "p99": "84809.9099999999947386", 
                    "min": "68115", 
                    "max": "978944", 
                    "p95": "78930.4999999999979536", 
                    "std_dev": "54892.7128259699272164", 
                    "size": "780", 
                    "p50": "72451", 
                    "unit": "microseconds", 
                    "mean": "76696.6730769230769837"
                }
            }, 
            {
                "model:alexnet:1:batch_size": {
                    "p99": "8", 
                    "min": "1", 
                    "max": "8", 
                    "p95": "8", 
                    "std_dev": "0.433285917600067574943", 
                    "size": "780", 
                    "p50": "8", 
                    "unit": "queries", 
                    "mean": "7.97307692307692307066"
                }
            }
        ], 
        "meters": [
            {
                "internal:aggregate_model_throughput": {
                    "rate": "119.81725123735539", 
                    "rate_1min": "81.311677970463919", 
                    "rate_15min": "6.1997760845237808", 
                    "unit": "events per second", 
                    "rate_5min": "18.238565763804719"
                }
            }, 
            {
                "app:alexnet:prediction_throughput": {
                    "rate": "0", 
                    "rate_1min": "0", 
                    "rate_15min": "0", 
                    "unit": "events per second", 
                    "rate_5min": "0"
                }
            }, 
            {
                "model:alexnet:1:prediction_throughput": {
                    "rate": "193.07624068171964", 
                    "rate_1min": "80.135743528192052", 
                    "rate_15min": "6.0952612692895336", 
                    "unit": "events per second", 
                    "rate_5min": "17.937561918313413"
                }
            }
        ], 
        "ratio_counters": [
            {
                "app:alexnet:default_prediction_ratio": {
                    "ratio": "0"
                }
            }, 
            {
                "model:alexnet:1:cache_hit_ratio": {
                    "ratio": "0"
                }
            }
        ], 
        "counters": [
            {
                "internal:aggregate_num_predictions": {
                    "count": "15288"
                }
            }, 
            {
                "app:alexnet:num_predictions": {
                    "count": "6219"
                }
            }, 
            {
                "model:alexnet:1:num_predictions": {
                    "count": "6219"
                }
            }
        ]
    }
}