{
    "client_metrics": {
        "thrus": [
            66.01653582189267, 
            96.57189101282668, 
            96.46955203881164, 
            95.57081821522452, 
            94.52532924353741, 
            96.42429776594545, 
            96.7112844177328, 
            96.29569712306976, 
            96.61392351558746, 
            97.04078964031345, 
            96.81357481220587, 
            96.51121605097336, 
            96.65318999020903, 
            96.34667847234634, 
            96.63044796426219, 
            95.64860996266356, 
            95.64033114508256, 
            96.51466250752816, 
            96.67865320835361, 
            96.18034198844201, 
            96.16110446798149, 
            96.70515854327218, 
            96.19000989795202, 
            96.63385625134079, 
            96.95987170269777, 
            96.77080657015713, 
            96.5275656182325, 
            96.84981450839277, 
            97.19396172793368, 
            96.01674532038388
        ], 
        "p99_lats": [
            0.528816539999996, 
            0.52422844, 
            0.52414803, 
            0.5246342500000001, 
            0.52497508, 
            0.52520614, 
            0.52435743, 
            0.5242548799999999, 
            0.5238565, 
            0.5505544299999998, 
            0.52376452, 
            0.52363847, 
            0.5243066800000001, 
            0.52535181, 
            0.52415902, 
            0.5254566900000001, 
            0.52529372, 
            0.52413857, 
            0.52453219, 
            0.5864373999999998, 
            0.52412115, 
            0.5238660500000001, 
            0.5246851999999999, 
            0.52441913, 
            0.5245607600000001, 
            0.5243396800000001, 
            0.52430061, 
            0.5246414, 
            0.5238934300000001, 
            0.52467904
        ], 
        "mean_lats": [
            0.52521365, 
            0.52141988, 
            0.5207682849999999, 
            0.52151662, 
            0.52152949, 
            0.52066753, 
            0.5209502850000001, 
            0.521057435, 
            0.5201079799999999, 
            0.5203883899999999, 
            0.520860645, 
            0.51991017, 
            0.51996804, 
            0.52008601, 
            0.52044905, 
            0.52018332, 
            0.5207177199999999, 
            0.520297765, 
            0.52038781, 
            0.522923195, 
            0.51776327, 
            0.5202860800000001, 
            0.519725735, 
            0.5206793500000001, 
            0.521417765, 
            0.5212894499999999, 
            0.5206443799999999, 
            0.5208438000000001, 
            0.52144896, 
            0.520924885
        ]
    }, 
    "node_configs": [
        {
            "model_image": "model-comp/pytorch-alexnet", 
            "name": "alexnet", 
            "cpus_per_replica": 1, 
            "input_type": "floats", 
            "batch_size": 1, 
            "num_replicas": 2, 
            "slo": 500000, 
            "allocated_cpus": [
                16, 
                17, 
                18, 
                19, 
                20, 
                21, 
                22, 
                23, 
                24, 
                25, 
                26, 
                27, 
                28, 
                29, 
                30, 
                31
            ], 
            "gpus": [
                0, 
                1
            ]
        }
    ], 
    "clipper_metrics": {
        "histograms": [
            {
                "internal:rpc_request_queueing_delay": {
                    "p99": "0", 
                    "min": "0", 
                    "max": "0", 
                    "p95": "0", 
                    "std_dev": "0", 
                    "size": "0", 
                    "p50": "0", 
                    "unit": "microseconds", 
                    "mean": "0"
                }
            }, 
            {
                "app:alexnet:prediction_latency": {
                    "p99": "520851.179999999998472", 
                    "min": "436410", 
                    "max": "980543", 
                    "p95": "520388.149999999999636", 
                    "std_dev": "8058.17452788943711317", 
                    "size": "4096", 
                    "p50": "517541.5", 
                    "unit": "microseconds", 
                    "mean": "517395.774658203125"
                }
            }, 
            {
                "model:alexnet:1:prediction_latency": {
                    "p99": "22121.6499999999859938", 
                    "min": "19989", 
                    "max": "945730", 
                    "p95": "21177.1499999999996362", 
                    "std_dev": "14456.2880446567707047", 
                    "size": "4096", 
                    "p50": "20613", 
                    "unit": "microseconds", 
                    "mean": "20907.05126953125"
                }
            }, 
            {
                "model:alexnet:1:batch_size": {
                    "p99": "1", 
                    "min": "1", 
                    "max": "1", 
                    "p95": "1", 
                    "std_dev": "0", 
                    "size": "4096", 
                    "p50": "1", 
                    "unit": "queries", 
                    "mean": "1"
                }
            }
        ], 
        "meters": [
            {
                "internal:aggregate_model_throughput": {
                    "rate": "63.712564878145322", 
                    "rate_1min": "59.730452829350114", 
                    "rate_15min": "6.0181349955459753", 
                    "unit": "events per second", 
                    "rate_5min": "16.949551403845625"
                }
            }, 
            {
                "app:alexnet:prediction_throughput": {
                    "rate": "0", 
                    "rate_1min": "0", 
                    "rate_15min": "0", 
                    "unit": "events per second", 
                    "rate_5min": "0"
                }
            }, 
            {
                "model:alexnet:1:prediction_throughput": {
                    "rate": "80.514569579068137", 
                    "rate_1min": "59.547147320526761", 
                    "rate_15min": "5.9869186894077657", 
                    "unit": "events per second", 
                    "rate_5min": "16.867452887873313"
                }
            }
        ], 
        "ratio_counters": [
            {
                "app:alexnet:default_prediction_ratio": {
                    "ratio": "0"
                }
            }, 
            {
                "model:alexnet:1:cache_hit_ratio": {
                    "ratio": "0"
                }
            }
        ], 
        "counters": [
            {
                "internal:aggregate_num_predictions": {
                    "count": "12095"
                }
            }, 
            {
                "app:alexnet:num_predictions": {
                    "count": "6008"
                }
            }, 
            {
                "model:alexnet:1:num_predictions": {
                    "count": "6008"
                }
            }
        ]
    }
}