{
    "client_metrics": {
        "thrus": [
            83.79778254307834, 
            137.42719794189028, 
            138.37009711505266, 
            138.20668533378296, 
            137.71420584004633, 
            138.2653505648831, 
            138.591686716264, 
            137.81469986714663, 
            138.52689118643434, 
            138.36071607204997, 
            138.6669255115943, 
            138.8658410166646, 
            138.05900089462233, 
            138.50578573293453, 
            137.89774881925052, 
            138.01422374589927, 
            138.87808725987978, 
            138.04670810368688, 
            138.31019519026296, 
            138.7754592253415, 
            138.34502002890028, 
            137.7355449988912, 
            138.0520442401581, 
            138.53878982210927, 
            137.9280856754097, 
            138.64116408667013, 
            137.96271833462444, 
            138.64827635929038, 
            138.49255013949661, 
            137.9365519448364
        ], 
        "p99_lats": [
            0.5371102499999965, 
            0.53222597, 
            0.5318546700000001, 
            0.5323013, 
            0.53250413, 
            0.53266428, 
            0.53219749, 
            0.53217314, 
            0.53187706, 
            0.53202699, 
            0.53242094, 
            0.5314280499999999, 
            0.53226093, 
            0.5322661799999999, 
            0.53211535, 
            0.5329351999999999, 
            0.53228822, 
            0.53224206, 
            0.53186952, 
            0.53211347, 
            0.53187053, 
            0.5324599400000001, 
            0.53279236, 
            0.5733077899999999, 
            0.5321756999999999, 
            0.5321234100000001, 
            0.53247119, 
            0.5321415199999999, 
            0.53216414, 
            0.5322186999999999
        ], 
        "mean_lats": [
            0.5288365349999999, 
            0.524026185, 
            0.5243037850000001, 
            0.5244735500000001, 
            0.5236417800000001, 
            0.52399236, 
            0.5240635, 
            0.52385228, 
            0.5239911899999999, 
            0.524140485, 
            0.524192245, 
            0.523707575, 
            0.523606275, 
            0.5238880950000001, 
            0.5242910949999999, 
            0.5243439200000001, 
            0.52413416, 
            0.524179365, 
            0.5241033500000001, 
            0.5240533500000001, 
            0.524335615, 
            0.526513755, 
            0.524170295, 
            0.5217362350000001, 
            0.523853035, 
            0.524063255, 
            0.52466591, 
            0.523907645, 
            0.5238946449999999, 
            0.524294875
        ]
    }, 
    "node_configs": [
        {
            "model_image": "model-comp/pytorch-alexnet", 
            "name": "alexnet", 
            "cpus_per_replica": 1, 
            "input_type": "floats", 
            "batch_size": 2, 
            "num_replicas": 2, 
            "slo": 500000, 
            "allocated_cpus": [
                16, 
                17, 
                18, 
                19, 
                20, 
                21, 
                22, 
                23, 
                24, 
                25, 
                26, 
                27, 
                28, 
                29, 
                30, 
                31
            ], 
            "gpus": [
                0, 
                1
            ]
        }
    ], 
    "clipper_metrics": {
        "histograms": [
            {
                "internal:rpc_request_queueing_delay": {
                    "p99": "0", 
                    "min": "0", 
                    "max": "0", 
                    "p95": "0", 
                    "std_dev": "0", 
                    "size": "0", 
                    "p50": "0", 
                    "unit": "microseconds", 
                    "mean": "0"
                }
            }, 
            {
                "app:alexnet:prediction_latency": {
                    "p99": "528766.089999999999236", 
                    "min": "458608", 
                    "max": "934453", 
                    "p95": "527801.149999999999636", 
                    "std_dev": "10320.7589618905748301", 
                    "size": "4096", 
                    "p50": "520585", 
                    "unit": "microseconds", 
                    "mean": "520672.451904296875"
                }
            }, 
            {
                "model:alexnet:1:prediction_latency": {
                    "p99": "30845.320000000001528", 
                    "min": "27115", 
                    "max": "934080", 
                    "p95": "29537.5999999999999091", 
                    "std_dev": "23212.5828179904954585", 
                    "size": "3007", 
                    "p50": "28798", 
                    "unit": "microseconds", 
                    "mean": "29461.6877286331891952"
                }
            }, 
            {
                "model:alexnet:1:batch_size": {
                    "p99": "2", 
                    "min": "1", 
                    "max": "2", 
                    "p95": "2", 
                    "std_dev": "0.0257812403635707438961", 
                    "size": "3007", 
                    "p50": "2", 
                    "unit": "queries", 
                    "mean": "1.99933488526770862439"
                }
            }
        ], 
        "meters": [
            {
                "internal:aggregate_model_throughput": {
                    "rate": "79.75343083353863", 
                    "rate_1min": "70.776317695531162", 
                    "rate_15min": "6.4634806499213004", 
                    "unit": "events per second", 
                    "rate_5min": "18.495151788231322"
                }
            }, 
            {
                "app:alexnet:prediction_throughput": {
                    "rate": "0", 
                    "rate_1min": "0", 
                    "rate_15min": "0", 
                    "unit": "events per second", 
                    "rate_5min": "0"
                }
            }, 
            {
                "model:alexnet:1:prediction_throughput": {
                    "rate": "108.01077779401892", 
                    "rate_1min": "70.500868134951688", 
                    "rate_15min": "6.4254462717969876", 
                    "unit": "events per second", 
                    "rate_5min": "18.392039852147796"
                }
            }
        ], 
        "ratio_counters": [
            {
                "app:alexnet:default_prediction_ratio": {
                    "ratio": "0"
                }
            }, 
            {
                "model:alexnet:1:cache_hit_ratio": {
                    "ratio": "0"
                }
            }
        ], 
        "counters": [
            {
                "internal:aggregate_num_predictions": {
                    "count": "8486"
                }
            }, 
            {
                "app:alexnet:num_predictions": {
                    "count": "6012"
                }
            }, 
            {
                "model:alexnet:1:num_predictions": {
                    "count": "6012"
                }
            }
        ]
    }
}