{
    "client_metrics": {
        "thrus": [
            39.62978646084012, 
            48.39925513546346, 
            48.3061216898834, 
            48.24799469272059, 
            48.26153504981918, 
            48.05808107446335, 
            47.60809775656361, 
            48.23847558698989, 
            48.463136999472724, 
            48.378451076807565, 
            47.905855412942486, 
            47.60367843143976, 
            47.66102336319535, 
            47.682408457524154, 
            47.83395876234415, 
            47.76211790604188, 
            46.21535523663879, 
            49.27874398337335, 
            47.72451880560801, 
            47.65696895005502, 
            47.71596783848336, 
            47.69786265877426, 
            47.6707476799243, 
            47.22420826253638, 
            47.62466052546669, 
            47.65402794479853, 
            47.47027352134252, 
            47.2218667465031, 
            46.99842226296464, 
            47.353047511916984
        ], 
        "p99_lats": [
            0.52427942, 
            0.5241123999999999, 
            0.5266157599999999, 
            0.5242783999999999, 
            0.52397083, 
            0.52492427, 
            0.5468345499999998, 
            0.5246482299999999, 
            0.52407622, 
            0.5835957099999998, 
            0.5250584899999999, 
            0.52496627, 
            0.52518212, 
            0.6356202499999999, 
            0.52558956, 
            0.5257373399999999, 
            0.6817199999999999, 
            0.5951719299999998, 
            0.5251154199999999, 
            0.5274219299999999, 
            0.5271893900000001, 
            0.7417316499999999, 
            0.5269948499999999, 
            0.52721775, 
            0.5266925, 
            0.52688302, 
            0.7948276099999998, 
            0.5266334300000001, 
            0.52639695, 
            0.5256076800000001
        ], 
        "mean_lats": [
            0.52320256, 
            0.5211872999999999, 
            0.52164714, 
            0.5213209000000001, 
            0.52149286, 
            0.521557315, 
            0.522059675, 
            0.521540165, 
            0.521243205, 
            0.522663805, 
            0.5201803049999999, 
            0.5216011300000001, 
            0.52176382, 
            0.52173444, 
            0.521911585, 
            0.5220458000000001, 
            0.52521947, 
            0.518548045, 
            0.52182228, 
            0.5218890350000001, 
            0.52218593, 
            0.52104006, 
            0.522145835, 
            0.52196748, 
            0.521594965, 
            0.5220521100000001, 
            0.52060779, 
            0.5218941549999999, 
            0.522282895, 
            0.52152572
        ]
    }, 
    "node_configs": [
        {
            "model_image": "model-comp/pytorch-alexnet", 
            "name": "alexnet", 
            "cpus_per_replica": 1, 
            "input_type": "floats", 
            "batch_size": 1, 
            "num_replicas": 1, 
            "slo": 500000, 
            "allocated_cpus": [
                16, 
                17, 
                18, 
                19, 
                20, 
                21, 
                22, 
                23, 
                24, 
                25, 
                26, 
                27, 
                28, 
                29, 
                30, 
                31
            ], 
            "gpus": [
                0
            ]
        }
    ], 
    "clipper_metrics": {
        "histograms": [
            {
                "internal:rpc_request_queueing_delay": {
                    "p99": "0", 
                    "min": "0", 
                    "max": "0", 
                    "p95": "0", 
                    "std_dev": "0", 
                    "size": "0", 
                    "p50": "0", 
                    "unit": "microseconds", 
                    "mean": "0"
                }
            }, 
            {
                "app:alexnet:prediction_latency": {
                    "p99": "522872.059999999999491", 
                    "min": "230897", 
                    "max": "924132", 
                    "p95": "520836.299999999999272", 
                    "std_dev": "15944.3558062570177167", 
                    "size": "4096", 
                    "p50": "518487", 
                    "unit": "microseconds", 
                    "mean": "517205.7099609375"
                }
            }, 
            {
                "model:alexnet:1:prediction_latency": {
                    "p99": "22610.0299999999997453", 
                    "min": "19999", 
                    "max": "28438", 
                    "p95": "21561.4499999999989086", 
                    "std_dev": "511.427204059153522969", 
                    "size": "4096", 
                    "p50": "20606", 
                    "unit": "microseconds", 
                    "mean": "20728.118408203125"
                }
            }, 
            {
                "model:alexnet:1:batch_size": {
                    "p99": "1", 
                    "min": "1", 
                    "max": "1", 
                    "p95": "1", 
                    "std_dev": "0", 
                    "size": "4096", 
                    "p50": "1", 
                    "unit": "queries", 
                    "mean": "1"
                }
            }
        ], 
        "meters": [
            {
                "internal:aggregate_model_throughput": {
                    "rate": "38.237873211020499", 
                    "rate_1min": "41.558572866886436", 
                    "rate_15min": "6.1329484183676577", 
                    "unit": "events per second", 
                    "rate_5min": "16.130009396149731"
                }
            }, 
            {
                "app:alexnet:prediction_throughput": {
                    "rate": "0", 
                    "rate_1min": "0", 
                    "rate_15min": "0", 
                    "unit": "events per second", 
                    "rate_5min": "0"
                }
            }, 
            {
                "model:alexnet:1:prediction_throughput": {
                    "rate": "43.717100497240516", 
                    "rate_1min": "41.530016459214963", 
                    "rate_15min": "6.1184587729165463", 
                    "unit": "events per second", 
                    "rate_5min": "16.097190419833332"
                }
            }
        ], 
        "ratio_counters": [
            {
                "app:alexnet:default_prediction_ratio": {
                    "ratio": "0"
                }
            }, 
            {
                "model:alexnet:1:cache_hit_ratio": {
                    "ratio": "0"
                }
            }
        ], 
        "counters": [
            {
                "internal:aggregate_num_predictions": {
                    "count": "24012"
                }
            }, 
            {
                "app:alexnet:num_predictions": {
                    "count": "6004"
                }
            }, 
            {
                "model:alexnet:1:num_predictions": {
                    "count": "6004"
                }
            }
        ]
    }
}