{
    "client_metrics": {
        "thrus": [
            115.10029552000876, 
            266.36975318178673, 
            267.552801545385, 
            265.8164085810853, 
            268.17632056724653, 
            262.9050216173654, 
            263.6327806272087, 
            265.4206053978589, 
            264.9933221682814, 
            260.91743789512685, 
            269.9364974389775, 
            269.1746566677254, 
            263.50704156691825, 
            250.2599575308852, 
            238.6734529485122, 
            244.22738057586375, 
            249.304129847563, 
            244.31031807981861, 
            246.57507224649615, 
            248.1029428730569, 
            248.6247941075924, 
            247.3423069122281, 
            251.91201217238844, 
            250.04688379071078, 
            249.3439138267434, 
            251.72716299711396, 
            245.1743557430867, 
            242.71638469090675, 
            248.60501510896978, 
            244.24169669821865
        ], 
        "p99_lats": [
            0.9377987799999999, 
            0.5534627599999999, 
            0.6013073699999999, 
            0.5612762, 
            0.56351475, 
            0.55171698, 
            0.5601702, 
            0.61755848, 
            0.5645983099999999, 
            0.55280718, 
            0.55922136, 
            0.55142111, 
            0.55644728, 
            0.6427138200000001, 
            0.58469407, 
            0.55731755, 
            0.55528412, 
            0.5649353399999999, 
            0.6936888, 
            0.55760058, 
            0.5577445400000001, 
            0.55952859, 
            0.56949145, 
            0.73047227, 
            0.5540484899999999, 
            0.55588183, 
            0.5546649300000001, 
            0.5680256499999999, 
            0.77460903, 
            0.55714338
        ], 
        "mean_lats": [
            0.554486285, 
            0.547237485, 
            0.549940945, 
            0.5449481899999999, 
            0.5490698500000001, 
            0.5469641799999999, 
            0.54741869, 
            0.5521432399999999, 
            0.541869395, 
            0.547521785, 
            0.54867143, 
            0.546710945, 
            0.547327645, 
            0.55857314, 
            0.55395512, 
            0.55150605, 
            0.55111219, 
            0.55429483, 
            0.5562081, 
            0.542059785, 
            0.55087489, 
            0.55139094, 
            0.554478595, 
            0.561887725, 
            0.5313937950000001, 
            0.550522105, 
            0.5506837099999999, 
            0.553885695, 
            0.57848728, 
            0.517708035
        ]
    }, 
    "node_configs": [
        {
            "model_image": "model-comp/pytorch-alexnet", 
            "name": "alexnet", 
            "cpus_per_replica": 1, 
            "input_type": "floats", 
            "batch_size": 4, 
            "num_replicas": 3, 
            "slo": 500000, 
            "allocated_cpus": [
                16, 
                17, 
                18, 
                19, 
                20, 
                21, 
                22, 
                23, 
                24, 
                25, 
                26, 
                27, 
                28, 
                29, 
                30, 
                31
            ], 
            "gpus": [
                0, 
                1, 
                2
            ]
        }
    ], 
    "clipper_metrics": {
        "histograms": [
            {
                "internal:rpc_request_queueing_delay": {
                    "p99": "0", 
                    "min": "0", 
                    "max": "0", 
                    "p95": "0", 
                    "std_dev": "0", 
                    "size": "0", 
                    "p50": "0", 
                    "unit": "microseconds", 
                    "mean": "0"
                }
            }, 
            {
                "app:alexnet:prediction_latency": {
                    "p99": "553451.699999999849751", 
                    "min": "320700", 
                    "max": "960631", 
                    "p95": "549118.099999999994907", 
                    "std_dev": "23999.5942921604706992", 
                    "size": "4096", 
                    "p50": "544078.5", 
                    "unit": "microseconds", 
                    "mean": "540799.533935546875"
                }
            }, 
            {
                "model:alexnet:1:prediction_latency": {
                    "p99": "54393.4400000000059663", 
                    "min": "42477", 
                    "max": "960151", 
                    "p95": "50630.3999999999991815", 
                    "std_dev": "39970.3610044408652513", 
                    "size": "1507", 
                    "p50": "46780", 
                    "unit": "microseconds", 
                    "mean": "48617.9615129396151438"
                }
            }, 
            {
                "model:alexnet:1:batch_size": {
                    "p99": "4", 
                    "min": "1", 
                    "max": "4", 
                    "p95": "4", 
                    "std_dev": "0.133718823812183136516", 
                    "size": "1507", 
                    "p50": "4", 
                    "unit": "queries", 
                    "mean": "3.9940278699402786875"
                }
            }
        ], 
        "meters": [
            {
                "internal:aggregate_model_throughput": {
                    "rate": "106.68740172980709", 
                    "rate_1min": "78.592029486517305", 
                    "rate_15min": "6.2216934722520874", 
                    "unit": "events per second", 
                    "rate_5min": "18.200546804829376"
                }
            }, 
            {
                "app:alexnet:prediction_throughput": {
                    "rate": "0", 
                    "rate_1min": "0", 
                    "rate_15min": "0", 
                    "unit": "events per second", 
                    "rate_5min": "0"
                }
            }, 
            {
                "model:alexnet:1:prediction_throughput": {
                    "rate": "164.43731934331183", 
                    "rate_1min": "78.100889106724154", 
                    "rate_15min": "6.1740844436856461", 
                    "unit": "events per second", 
                    "rate_5min": "18.065110411639033"
                }
            }
        ], 
        "ratio_counters": [
            {
                "app:alexnet:default_prediction_ratio": {
                    "ratio": "0"
                }
            }, 
            {
                "model:alexnet:1:cache_hit_ratio": {
                    "ratio": "0"
                }
            }
        ], 
        "counters": [
            {
                "internal:aggregate_num_predictions": {
                    "count": "18732"
                }
            }, 
            {
                "app:alexnet:num_predictions": {
                    "count": "6019"
                }
            }, 
            {
                "model:alexnet:1:num_predictions": {
                    "count": "6019"
                }
            }
        ]
    }
}