{
    "client_metrics": {
        "thrus": [
            96.30167849010525, 
            185.09332405398803, 
            182.42199863365923, 
            180.30168077226818, 
            180.2953417994016, 
            184.3644220912825, 
            182.40319862249106, 
            167.92625350651008, 
            193.97419173378984, 
            172.875938176107, 
            172.1125960603427, 
            168.60150948931445, 
            167.03023581328694, 
            170.91168565922771, 
            169.9901150748084, 
            162.28839621738206, 
            171.70948815118678, 
            169.7431192504823, 
            173.11490848280363, 
            171.92381024425217, 
            173.27238765884746, 
            166.50654287460225, 
            183.3052876243268, 
            178.70402057240685, 
            176.1662868815132, 
            175.40751551040958, 
            177.49977368778855, 
            176.38628596626612, 
            180.18927081005887, 
            175.73935744418736
        ], 
        "p99_lats": [
            0.9426472799999998, 
            0.56112562, 
            0.5287335, 
            0.53004316, 
            0.59219062, 
            0.53659884, 
            0.5318399399999999, 
            0.62891937, 
            0.6011477000000001, 
            0.55497179, 
            0.6220074899999999, 
            0.78176598, 
            0.66317655, 
            0.7752671, 
            0.99450719, 
            0.82599791, 
            0.9300614100000001, 
            1.2838507, 
            1.08991448, 
            0.86681375, 
            0.8709993699999999, 
            1.16606507, 
            0.88963105, 
            0.53980483, 
            0.5311570099999999, 
            0.53457561, 
            0.91927609, 
            0.53310264, 
            0.53151684, 
            0.53772468
        ], 
        "mean_lats": [
            0.534671795, 
            0.5263933000000001, 
            0.52413468, 
            0.525967375, 
            0.52870828, 
            0.522446775, 
            0.52559289, 
            0.52851927, 
            0.52373289, 
            0.53119814, 
            0.5958582050000001, 
            0.619638535, 
            0.615184375, 
            0.7246026050000001, 
            0.829267605, 
            0.704418325, 
            0.87685812, 
            1.032644465, 
            0.976852475, 
            0.84724256, 
            0.85867632, 
            0.91075936, 
            0.6856191250000001, 
            0.527532905, 
            0.526510295, 
            0.5271101149999999, 
            0.574583275, 
            0.4642359999999999, 
            0.52634125, 
            0.52644744
        ]
    }, 
    "node_configs": [
        {
            "model_image": "model-comp/pytorch-alexnet", 
            "name": "alexnet", 
            "cpus_per_replica": 1, 
            "input_type": "floats", 
            "batch_size": 1, 
            "num_replicas": 4, 
            "slo": 500000, 
            "allocated_cpus": [
                16, 
                17, 
                18, 
                19, 
                20, 
                21, 
                22, 
                23, 
                24, 
                25, 
                26, 
                27, 
                28, 
                29, 
                30, 
                31
            ], 
            "gpus": [
                0, 
                1, 
                2, 
                3
            ]
        }
    ], 
    "clipper_metrics": {
        "histograms": [
            {
                "internal:rpc_request_queueing_delay": {
                    "p99": "0", 
                    "min": "0", 
                    "max": "0", 
                    "p95": "0", 
                    "std_dev": "0", 
                    "size": "0", 
                    "p50": "0", 
                    "unit": "microseconds", 
                    "mean": "0"
                }
            }, 
            {
                "app:alexnet:prediction_latency": {
                    "p99": "527067.369999999979882", 
                    "min": "123136", 
                    "max": "989090", 
                    "p95": "524525.899999999997817", 
                    "std_dev": "30800.7569530664860995", 
                    "size": "4096", 
                    "p50": "521959", 
                    "unit": "microseconds", 
                    "mean": "519150.641357421875"
                }
            }, 
            {
                "model:alexnet:1:prediction_latency": {
                    "p99": "26736.179999999998472", 
                    "min": "20819", 
                    "max": "988694", 
                    "p95": "24675.5999999999985448", 
                    "std_dev": "29153.1559204473052223", 
                    "size": "4096", 
                    "p50": "22575.5", 
                    "unit": "microseconds", 
                    "mean": "23567.96630859375"
                }
            }, 
            {
                "model:alexnet:1:batch_size": {
                    "p99": "1", 
                    "min": "1", 
                    "max": "1", 
                    "p95": "1", 
                    "std_dev": "0", 
                    "size": "4096", 
                    "p50": "1", 
                    "unit": "queries", 
                    "mean": "1"
                }
            }
        ], 
        "meters": [
            {
                "internal:aggregate_model_throughput": {
                    "rate": "88.719109416435714", 
                    "rate_1min": "71.325205317301709", 
                    "rate_15min": "6.0215513971061769", 
                    "unit": "events per second", 
                    "rate_5min": "17.443059022148685"
                }
            }, 
            {
                "app:alexnet:prediction_throughput": {
                    "rate": "0", 
                    "rate_1min": "0", 
                    "rate_15min": "0", 
                    "unit": "events per second", 
                    "rate_5min": "0"
                }
            }, 
            {
                "model:alexnet:1:prediction_throughput": {
                    "rate": "125.48163247745768", 
                    "rate_1min": "71.097986890886631", 
                    "rate_15min": "5.9968836363621758", 
                    "unit": "events per second", 
                    "rate_5min": "17.374095723187001"
                }
            }
        ], 
        "ratio_counters": [
            {
                "app:alexnet:default_prediction_ratio": {
                    "ratio": "0"
                }
            }, 
            {
                "model:alexnet:1:cache_hit_ratio": {
                    "ratio": "0"
                }
            }
        ], 
        "counters": [
            {
                "internal:aggregate_num_predictions": {
                    "count": "26441"
                }
            }, 
            {
                "app:alexnet:num_predictions": {
                    "count": "6017"
                }
            }, 
            {
                "model:alexnet:1:num_predictions": {
                    "count": "6017"
                }
            }
        ]
    }
}