{
    "client_metrics": {
        "thrus": [
            101.01096827599025, 
            202.90643172807293, 
            201.20117099081517, 
            202.13658368959906, 
            203.97673033460342, 
            197.73396871848615, 
            202.64779610389348, 
            202.9229014728144, 
            189.7369392206176, 
            208.46318852785382, 
            197.76388376625496, 
            196.7017057971927, 
            199.84112630458785, 
            200.10045042611392, 
            196.16940012378288, 
            191.78765271091845, 
            187.2331342733061, 
            190.9074595180732, 
            193.57692408203405, 
            192.33543299514355, 
            200.29844468257704, 
            199.93302243748346, 
            195.864708411312, 
            197.60854143159483, 
            198.25063638454282, 
            199.66476286315276, 
            193.71097934459826, 
            199.30641368039224, 
            189.32133036098844, 
            196.3159351607729
        ], 
        "p99_lats": [
            0.9628070799999999, 
            0.5783478099999999, 
            0.53691771, 
            0.5361731399999999, 
            0.5356181, 
            0.5948177199999999, 
            0.5410901699999999, 
            0.5448725900000001, 
            0.62701505, 
            0.5708887, 
            0.53905301, 
            0.53732856, 
            0.6653104099999999, 
            0.54121417, 
            0.5364685600000001, 
            0.5393531400000001, 
            0.73632615, 
            0.53957279, 
            0.54085565, 
            0.7348619, 
            0.53843485, 
            0.53596666, 
            0.53716766, 
            0.53851129, 
            0.80510553, 
            0.5393463599999999, 
            0.5373172, 
            0.54501957, 
            0.54067423, 
            0.9013009799999999
        ], 
        "mean_lats": [
            0.539930665, 
            0.5344435350000001, 
            0.531151965, 
            0.5328018299999999, 
            0.53253726, 
            0.533150115, 
            0.533140795, 
            0.5328786, 
            0.53847231, 
            0.527715015, 
            0.5336890649999999, 
            0.5332909600000001, 
            0.544480025, 
            0.522785245, 
            0.533354055, 
            0.53475867, 
            0.533471755, 
            0.5355763349999999, 
            0.534713515, 
            0.558618245, 
            0.501044565, 
            0.533104065, 
            0.5334411450000001, 
            0.5332855049999999, 
            0.52946891, 
            0.5323956649999999, 
            0.533530665, 
            0.53372526, 
            0.534962845, 
            0.609051185
        ]
    }, 
    "node_configs": [
        {
            "model_image": "model-comp/pytorch-alexnet", 
            "name": "alexnet", 
            "cpus_per_replica": 1, 
            "input_type": "floats", 
            "batch_size": 2, 
            "num_replicas": 3, 
            "slo": 500000, 
            "allocated_cpus": [
                16, 
                17, 
                18, 
                19, 
                20, 
                21, 
                22, 
                23, 
                24, 
                25, 
                26, 
                27, 
                28, 
                29, 
                30, 
                31
            ], 
            "gpus": [
                0, 
                1, 
                2
            ]
        }
    ], 
    "clipper_metrics": {
        "histograms": [
            {
                "internal:rpc_request_queueing_delay": {
                    "p99": "0", 
                    "min": "0", 
                    "max": "0", 
                    "p95": "0", 
                    "std_dev": "0", 
                    "size": "0", 
                    "p50": "0", 
                    "unit": "microseconds", 
                    "mean": "0"
                }
            }, 
            {
                "app:alexnet:prediction_latency": {
                    "p99": "533285.059999999999491", 
                    "min": "165108", 
                    "max": "967082", 
                    "p95": "531454.19999999999709", 
                    "std_dev": "33290.7495135922399072", 
                    "size": "4096", 
                    "p50": "528917", 
                    "unit": "microseconds", 
                    "mean": "523422.844482421875"
                }
            }, 
            {
                "model:alexnet:1:prediction_latency": {
                    "p99": "34271.6000000000021828", 
                    "min": "28081", 
                    "max": "966288", 
                    "p95": "32215.5", 
                    "std_dev": "29418.0549653947512407", 
                    "size": "3009", 
                    "p50": "29868", 
                    "unit": "microseconds", 
                    "mean": "31116.1282818212030925"
                }
            }, 
            {
                "model:alexnet:1:batch_size": {
                    "p99": "2", 
                    "min": "1", 
                    "max": "2", 
                    "p95": "2", 
                    "std_dev": "0.0315597044692809850446", 
                    "size": "3009", 
                    "p50": "2", 
                    "unit": "queries", 
                    "mean": "1.99900299102691916331"
                }
            }
        ], 
        "meters": [
            {
                "internal:aggregate_model_throughput": {
                    "rate": "94.895198389731817", 
                    "rate_1min": "71.65482917341771", 
                    "rate_15min": "5.8623212401639613", 
                    "unit": "events per second", 
                    "rate_5min": "17.063794538902776"
                }
            }, 
            {
                "app:alexnet:prediction_throughput": {
                    "rate": "0", 
                    "rate_1min": "0", 
                    "rate_15min": "0", 
                    "unit": "events per second", 
                    "rate_5min": "0"
                }
            }, 
            {
                "model:alexnet:1:prediction_throughput": {
                    "rate": "138.08824934196875", 
                    "rate_1min": "71.296213262661439", 
                    "rate_15min": "5.8256802114090789", 
                    "unit": "events per second", 
                    "rate_5min": "16.960385185729454"
                }
            }
        ], 
        "ratio_counters": [
            {
                "app:alexnet:default_prediction_ratio": {
                    "ratio": "0"
                }
            }, 
            {
                "model:alexnet:1:cache_hit_ratio": {
                    "ratio": "0"
                }
            }
        ], 
        "counters": [
            {
                "internal:aggregate_num_predictions": {
                    "count": "23724"
                }
            }, 
            {
                "app:alexnet:num_predictions": {
                    "count": "6015"
                }
            }, 
            {
                "model:alexnet:1:num_predictions": {
                    "count": "6015"
                }
            }
        ]
    }
}