{
    "client_metrics": {
        "thrus": [
            55.375860886977314, 
            88.72685393652215, 
            87.9628937329077, 
            89.83216656320997, 
            76.60366908593821, 
            89.13271638638142, 
            90.516741976596, 
            89.2315778061435, 
            77.66067411018342, 
            89.43395905802788, 
            88.26105855900583, 
            88.79811747990942, 
            77.25243972861217, 
            89.57651805325146, 
            88.99425809046801, 
            89.65602569183072, 
            76.16471075689442, 
            89.81030267868208, 
            90.49327431361982, 
            91.44893057334365, 
            79.95330726855516, 
            92.30503676278852, 
            91.93918590609056, 
            99.60184163805188, 
            104.70513463509737, 
            125.41960697257764, 
            127.15366520439952, 
            131.84541388912328, 
            110.60772307365589, 
            129.23110721981888
        ], 
        "p99_lats": [
            0.9052339599999999, 
            0.8812175800000001, 
            0.8839534699999999, 
            0.87435235, 
            0.87637665, 
            0.87790777, 
            0.86937665, 
            0.88161925, 
            0.86887648, 
            0.8710842799999999, 
            0.88151394, 
            0.88006073, 
            0.87304415, 
            0.8835565900000001, 
            0.8778480200000001, 
            0.87181539, 
            0.87531008, 
            0.8975257799999999, 
            0.86740242, 
            0.86923788, 
            0.85778231, 
            0.86100873, 
            0.86616204, 
            0.8662888, 
            0.78849717, 
            0.8355344899999999, 
            0.76244379, 
            0.75307768, 
            0.76148053, 
            0.75799308
        ], 
        "mean_lats": [
            0.81081006, 
            0.79666274, 
            0.80008094, 
            0.79111667, 
            0.79727241, 
            0.79216342, 
            0.7896257649999999, 
            0.7922983450000001, 
            0.7917755, 
            0.792351785, 
            0.7993286999999999, 
            0.7938553450000001, 
            0.7951822749999999, 
            0.794146985, 
            0.79393212, 
            0.7903520699999999, 
            0.79948239, 
            0.79855354, 
            0.7811203449999999, 
            0.7838728949999998, 
            0.78082964, 
            0.7840637049999999, 
            0.7827544650000001, 
            0.7555526649999998, 
            0.6937830300000001, 
            0.6997300599999999, 
            0.6818671550000001, 
            0.6739738700000001, 
            0.68356095, 
            0.6809115149999999
        ]
    }, 
    "node_configs": [
        {
            "model_image": "model-comp/pytorch-alexnet", 
            "name": "alexnet", 
            "cpus_per_replica": 1, 
            "input_type": "floats", 
            "batch_size": 32, 
            "num_replicas": 1, 
            "slo": 500000, 
            "allocated_cpus": [
                16, 
                17, 
                18, 
                19, 
                20, 
                21, 
                22, 
                23, 
                24, 
                25, 
                26, 
                27, 
                28, 
                29, 
                30, 
                31
            ], 
            "gpus": [
                0
            ]
        }
    ], 
    "clipper_metrics": {
        "histograms": [
            {
                "internal:rpc_request_queueing_delay": {
                    "p99": "0", 
                    "min": "0", 
                    "max": "0", 
                    "p95": "0", 
                    "std_dev": "0", 
                    "size": "0", 
                    "p50": "0", 
                    "unit": "microseconds", 
                    "mean": "0"
                }
            }, 
            {
                "app:alexnet:prediction_latency": {
                    "p99": "871489.009999999982938", 
                    "min": "549263", 
                    "max": "896435", 
                    "p95": "858800.749999999961801", 
                    "std_dev": "67640.175583598881623", 
                    "size": "4096", 
                    "p50": "762905.5", 
                    "unit": "microseconds", 
                    "mean": "760260.0849609375"
                }
            }, 
            {
                "model:alexnet:1:prediction_latency": {
                    "p99": "458090.799999997172563", 
                    "min": "240297", 
                    "max": "905983", 
                    "p95": "384528", 
                    "std_dev": "61007.7713871987709631", 
                    "size": "189", 
                    "p50": "364688", 
                    "unit": "microseconds", 
                    "mean": "347524.687830687830711"
                }
            }, 
            {
                "model:alexnet:1:batch_size": {
                    "p99": "32", 
                    "min": "1", 
                    "max": "32", 
                    "p95": "32", 
                    "std_dev": "2.248944895369654691", 
                    "size": "189", 
                    "p50": "32", 
                    "unit": "queries", 
                    "mean": "31.8359788359788359203"
                }
            }
        ], 
        "meters": [
            {
                "internal:aggregate_model_throughput": {
                    "rate": "62.039070942796322", 
                    "rate_1min": "60.923032539128243", 
                    "rate_15min": "6.1912387414566554", 
                    "unit": "events per second", 
                    "rate_5min": "17.3985492904329"
                }
            }, 
            {
                "app:alexnet:prediction_throughput": {
                    "rate": "0", 
                    "rate_1min": "0", 
                    "rate_15min": "0", 
                    "unit": "events per second", 
                    "rate_5min": "0"
                }
            }, 
            {
                "model:alexnet:1:prediction_throughput": {
                    "rate": "77.801865711238548", 
                    "rate_1min": "60.711951089460534", 
                    "rate_15min": "6.1578795513290654", 
                    "unit": "events per second", 
                    "rate_5min": "17.310385844755473"
                }
            }
        ], 
        "ratio_counters": [
            {
                "app:alexnet:default_prediction_ratio": {
                    "ratio": "0"
                }
            }, 
            {
                "model:alexnet:1:cache_hit_ratio": {
                    "ratio": "0"
                }
            }
        ], 
        "counters": [
            {
                "internal:aggregate_num_predictions": {
                    "count": "12647"
                }
            }, 
            {
                "app:alexnet:num_predictions": {
                    "count": "6017"
                }
            }, 
            {
                "model:alexnet:1:num_predictions": {
                    "count": "6017"
                }
            }
        ]
    }
}