{
    "client_metrics": {
        "thrus": [
            82.21503754144152, 
            136.69437461640143, 
            134.4404052571576, 
            134.24719876438877, 
            134.38593355556287, 
            136.29251645050672, 
            131.88619013108828, 
            134.27117271770896, 
            132.29000615148527, 
            132.15311788851034, 
            132.8697066369747, 
            122.32977047876814, 
            143.423460635997, 
            133.1613776077159, 
            119.68164681946023, 
            144.77803717176104, 
            131.1736036733856, 
            133.11289837362662, 
            130.9671069562524, 
            130.8930505607131, 
            133.3440897565737, 
            129.8758646485689, 
            131.42927363640487, 
            133.71093300814834, 
            130.8377343876238, 
            130.16418259171206, 
            131.50229537256573, 
            109.75412332522068, 
            162.3860354504954, 
            131.50860756713678
        ], 
        "p99_lats": [
            0.5632390399999965, 
            0.53479283, 
            0.5889682, 
            0.53551299, 
            0.54320726, 
            0.6082565699999999, 
            0.5423724299999999, 
            0.65974914, 
            0.53698347, 
            0.6785715400000001, 
            0.53642071, 
            0.71498859, 
            0.63140515, 
            0.5364701000000001, 
            0.77838843, 
            0.63381594, 
            0.53793607, 
            0.53713659, 
            0.87532619, 
            0.5378687, 
            0.53791635, 
            0.5398564899999999, 
            0.9758874599999999, 
            0.53625044, 
            0.54089418, 
            0.5418952100000001, 
            0.54209735, 
            1.0145881999999997, 
            0.80834301, 
            0.54280524
        ], 
        "mean_lats": [
            0.53690561, 
            0.53136472, 
            0.53433819, 
            0.531017045, 
            0.53328228, 
            0.53155123, 
            0.533539515, 
            0.53239165, 
            0.533009505, 
            0.53309183, 
            0.532507815, 
            0.5423215, 
            0.524056495, 
            0.5328953750000001, 
            0.55449345, 
            0.5100764600000001, 
            0.53304556, 
            0.532881265, 
            0.538463525, 
            0.525196775, 
            0.532802745, 
            0.53341071, 
            0.6067353849999999, 
            0.45216223499999997, 
            0.5331781950000001, 
            0.53330833, 
            0.532732615, 
            0.588390205, 
            0.47886844500000003, 
            0.5330221199999999
        ]
    }, 
    "node_configs": [
        {
            "model_image": "model-comp/pytorch-alexnet", 
            "name": "alexnet", 
            "cpus_per_replica": 1, 
            "input_type": "floats", 
            "batch_size": 2, 
            "num_replicas": 2, 
            "slo": 500000, 
            "allocated_cpus": [
                16, 
                17, 
                18, 
                19, 
                20, 
                21, 
                22, 
                23, 
                24, 
                25, 
                26, 
                27, 
                28, 
                29, 
                30, 
                31
            ], 
            "gpus": [
                0, 
                1
            ]
        }
    ], 
    "clipper_metrics": {
        "histograms": [
            {
                "internal:rpc_request_queueing_delay": {
                    "p99": "0", 
                    "min": "0", 
                    "max": "0", 
                    "p95": "0", 
                    "std_dev": "0", 
                    "size": "0", 
                    "p50": "0", 
                    "unit": "microseconds", 
                    "mean": "0"
                }
            }, 
            {
                "app:alexnet:prediction_latency": {
                    "p99": "534092.659999999994398", 
                    "min": "64802", 
                    "max": "958314", 
                    "p95": "531224.899999999997817", 
                    "std_dev": "48349.1172341582864682", 
                    "size": "4096", 
                    "p50": "528612.5", 
                    "unit": "microseconds", 
                    "mean": "519446.089111328125"
                }
            }, 
            {
                "model:alexnet:1:prediction_latency": {
                    "p99": "32792.2299999999981992", 
                    "min": "27315", 
                    "max": "957988", 
                    "p95": "31500.2000000000007276", 
                    "std_dev": "23711.7891073869944947", 
                    "size": "3006", 
                    "p50": "29549", 
                    "unit": "microseconds", 
                    "mean": "30422.8083832335329344"
                }
            }, 
            {
                "model:alexnet:1:batch_size": {
                    "p99": "2", 
                    "min": "1", 
                    "max": "2", 
                    "p95": "2", 
                    "std_dev": "0.0257855254492030614244", 
                    "size": "3006", 
                    "p50": "2", 
                    "unit": "queries", 
                    "mean": "1.99933466400532272133"
                }
            }
        ], 
        "meters": [
            {
                "internal:aggregate_model_throughput": {
                    "rate": "77.493249899535996", 
                    "rate_1min": "67.377583628351701", 
                    "rate_15min": "6.1532615574007679", 
                    "unit": "events per second", 
                    "rate_5min": "17.607653923840129"
                }
            }, 
            {
                "app:alexnet:prediction_throughput": {
                    "rate": "0", 
                    "rate_1min": "0", 
                    "rate_15min": "0", 
                    "unit": "events per second", 
                    "rate_5min": "0"
                }
            }, 
            {
                "model:alexnet:1:prediction_throughput": {
                    "rate": "103.97289424916926", 
                    "rate_1min": "67.180356321239529", 
                    "rate_15min": "6.1238011473144001", 
                    "unit": "events per second", 
                    "rate_5min": "17.528479221168155"
                }
            }
        ], 
        "ratio_counters": [
            {
                "app:alexnet:default_prediction_ratio": {
                    "ratio": "0"
                }
            }, 
            {
                "model:alexnet:1:cache_hit_ratio": {
                    "ratio": "0"
                }
            }
        ], 
        "counters": [
            {
                "internal:aggregate_num_predictions": {
                    "count": "35265"
                }
            }, 
            {
                "app:alexnet:num_predictions": {
                    "count": "6010"
                }
            }, 
            {
                "model:alexnet:1:num_predictions": {
                    "count": "6010"
                }
            }
        ]
    }
}