{
    "client_metrics": {
        "thrus": [
            117.21611721611721, 
            361.9444379093365, 
            357.2800271532821, 
            364.6048867992978, 
            343.1567677377733, 
            298.262175434829, 
            228.14538336409493, 
            370.25723621486026, 
            332.86953511440726, 
            363.8705639629871, 
            254.02115488177856, 
            294.339700391619, 
            374.08699393043855, 
            356.71352693365486, 
            359.4936890882881, 
            325.7615490613181, 
            231.9795394046245, 
            352.787817531085, 
            334.9460987990508, 
            368.0218457767653, 
            305.02684236212787, 
            251.81717569410256, 
            267.2914158025358, 
            376.41603005305586, 
            264.0773007074631, 
            251.5036776125259, 
            317.8846682635073, 
            306.3185866460412, 
            249.14698301689592, 
            318.43330812402974
        ], 
        "p99_lats": [
            0.9756014099999999, 
            0.6401932899999999, 
            0.6395683099999999, 
            0.08728775999999999, 
            0.13696075, 
            0.6372756700000001, 
            0.6483408100000001, 
            0.64203883, 
            0.6471700600000001, 
            0.09289663999999999, 
            0.6878096, 
            0.64587922, 
            0.63992958, 
            0.63629367, 
            0.10734018999999999, 
            0.63692565, 
            0.6971808799999999, 
            0.6412512, 
            0.63532481, 
            0.07145144999999999, 
            0.6467593, 
            0.65670663, 
            0.77770163, 
            0.70427266, 
            0.66047627, 
            0.6880641, 
            0.6682014, 
            0.6460981299999998, 
            0.8273204599999999, 
            0.6915111499999999
        ], 
        "mean_lats": [
            0.645298315, 
            0.631424705, 
            0.17807772, 
            0.058138405000000004, 
            0.08378718000000002, 
            0.065383775, 
            0.633042375, 
            0.6299505599999999, 
            0.151296955, 
            0.03526803, 
            0.297691185, 
            0.63290791, 
            0.629187685, 
            0.17862378499999998, 
            0.07500055, 
            0.093252415, 
            0.32752301, 
            0.6021613299999999, 
            0.10169162999999999, 
            0.02771204, 
            0.13908547500000001, 
            0.60022393, 
            0.6591815400000001, 
            0.651777745, 
            0.128424745, 
            0.6644869950000001, 
            0.652779845, 
            0.03994273499999999, 
            0.6144581849999999, 
            0.633264005
        ]
    }, 
    "node_configs": [
        {
            "model_image": "model-comp/pytorch-alexnet", 
            "name": "alexnet", 
            "cpus_per_replica": 1, 
            "input_type": "floats", 
            "batch_size": 16, 
            "num_replicas": 3, 
            "slo": 500000, 
            "allocated_cpus": [
                16, 
                17, 
                18, 
                19, 
                20, 
                21, 
                22, 
                23, 
                24, 
                25, 
                26, 
                27, 
                28, 
                29, 
                30, 
                31
            ], 
            "gpus": [
                0, 
                1, 
                2
            ]
        }
    ], 
    "clipper_metrics": {
        "histograms": [
            {
                "internal:rpc_request_queueing_delay": {
                    "p99": "0", 
                    "min": "0", 
                    "max": "0", 
                    "p95": "0", 
                    "std_dev": "0", 
                    "size": "0", 
                    "p50": "0", 
                    "unit": "microseconds", 
                    "mean": "0"
                }
            }, 
            {
                "app:alexnet:prediction_latency": {
                    "p99": "658870.199999999989814", 
                    "min": "472590", 
                    "max": "1002716", 
                    "p95": "649584.29999999998472", 
                    "std_dev": "19484.851797220709658", 
                    "size": "4096", 
                    "p50": "628140", 
                    "unit": "microseconds", 
                    "mean": "627153.743896484375"
                }
            }, 
            {
                "model:alexnet:1:prediction_latency": {
                    "p99": "218631.760000000234868", 
                    "min": "129029", 
                    "max": "1001740", 
                    "p95": "158913.649999999988438", 
                    "std_dev": "72402.8642309004472466", 
                    "size": "412", 
                    "p50": "138149", 
                    "unit": "microseconds", 
                    "mean": "146986.281553398058279"
                }
            }, 
            {
                "model:alexnet:1:batch_size": {
                    "p99": "16", 
                    "min": "1", 
                    "max": "16", 
                    "p95": "16", 
                    "std_dev": "1.27531164234007238472", 
                    "size": "412", 
                    "p50": "16", 
                    "unit": "queries", 
                    "mean": "15.8907766990291262491"
                }
            }
        ], 
        "meters": [
            {
                "internal:aggregate_model_throughput": {
                    "rate": "124.86221196488569", 
                    "rate_1min": "84.111589602359828", 
                    "rate_15min": "6.4111938772778494", 
                    "unit": "events per second", 
                    "rate_5min": "18.861510699215682"
                }
            }, 
            {
                "app:alexnet:prediction_throughput": {
                    "rate": "0", 
                    "rate_1min": "0", 
                    "rate_15min": "0", 
                    "unit": "events per second", 
                    "rate_5min": "0"
                }
            }, 
            {
                "model:alexnet:1:prediction_throughput": {
                    "rate": "201.04114563298376", 
                    "rate_1min": "83.493345400360425", 
                    "rate_15min": "6.3587892779332744", 
                    "unit": "events per second", 
                    "rate_5min": "18.709701063228287"
                }
            }
        ], 
        "ratio_counters": [
            {
                "app:alexnet:default_prediction_ratio": {
                    "ratio": "0"
                }
            }, 
            {
                "model:alexnet:1:cache_hit_ratio": {
                    "ratio": "0"
                }
            }
        ], 
        "counters": [
            {
                "internal:aggregate_num_predictions": {
                    "count": "15300"
                }
            }, 
            {
                "app:alexnet:num_predictions": {
                    "count": "6547"
                }
            }, 
            {
                "model:alexnet:1:num_predictions": {
                    "count": "6547"
                }
            }
        ]
    }
}