{
    "client_metrics": {
        "thrus": [
            116.26514498844907, 
            268.0307645711575, 
            254.32382289397623, 
            282.2630155004735, 
            266.8018462687762, 
            267.8204371097354, 
            264.4390322589175, 
            268.4751150415868, 
            268.0918429035419, 
            268.28352202607715, 
            266.86450221764403, 
            270.7898941211514, 
            263.0606315296581, 
            248.33398934895519, 
            272.561629591471, 
            263.5455841619646, 
            250.55780431184925, 
            251.5223389565344, 
            251.91899292863386, 
            256.8894540456878, 
            255.7191589908299, 
            256.1747726769111, 
            254.83258136485782, 
            257.4579120678247, 
            228.60878977935823, 
            237.9221780347866, 
            242.7517365852356, 
            245.68787075835246, 
            240.04704922164746, 
            208.10355232763823
        ], 
        "p99_lats": [
            0.9541787999999999, 
            0.53666736, 
            0.57391857, 
            0.5609605400000001, 
            0.53623161, 
            0.54125428, 
            0.5364448700000001, 
            0.5366294500000001, 
            0.60259965, 
            0.54054877, 
            0.5385741399999999, 
            0.5474622400000001, 
            0.54036555, 
            0.6425247799999999, 
            0.56905168, 
            0.54483319, 
            0.55072892, 
            0.5835350899999999, 
            0.59565987, 
            0.7827046599999998, 
            0.61530195, 
            0.54291824, 
            0.5394938499999999, 
            0.5452011800000001, 
            0.76597803, 
            0.6570997300000001, 
            0.73587221, 
            0.7991467099999999, 
            0.7849245300000001, 
            1.07515563
        ], 
        "mean_lats": [
            0.541792765, 
            0.5331569850000001, 
            0.53379694, 
            0.53201639, 
            0.532783995, 
            0.53384382, 
            0.533085295, 
            0.5331097300000001, 
            0.53796397, 
            0.5279332800000001, 
            0.53339447, 
            0.53361108, 
            0.53335042, 
            0.542765905, 
            0.523666415, 
            0.535184475, 
            0.53568969, 
            0.56550719, 
            0.5823189049999999, 
            0.63418267, 
            0.5279814349999999, 
            0.5363627, 
            0.5350223700000001, 
            0.536151795, 
            0.592579855, 
            0.578909235, 
            0.70270095, 
            0.7653832800000001, 
            0.7761896699999999, 
            0.83791437
        ]
    }, 
    "node_configs": [
        {
            "model_image": "model-comp/pytorch-alexnet", 
            "name": "alexnet", 
            "cpus_per_replica": 1, 
            "input_type": "floats", 
            "batch_size": 2, 
            "num_replicas": 4, 
            "slo": 500000, 
            "allocated_cpus": [
                16, 
                17, 
                18, 
                19, 
                20, 
                21, 
                22, 
                23, 
                24, 
                25, 
                26, 
                27, 
                28, 
                29, 
                30, 
                31
            ], 
            "gpus": [
                0, 
                1, 
                2, 
                3
            ]
        }
    ], 
    "clipper_metrics": {
        "histograms": [
            {
                "internal:rpc_request_queueing_delay": {
                    "p99": "0", 
                    "min": "0", 
                    "max": "0", 
                    "p95": "0", 
                    "std_dev": "0", 
                    "size": "0", 
                    "p50": "0", 
                    "unit": "microseconds", 
                    "mean": "0"
                }
            }, 
            {
                "app:alexnet:prediction_latency": {
                    "p99": "535738.109999999990578", 
                    "min": "394027", 
                    "max": "953334", 
                    "p95": "532921.299999999999272", 
                    "std_dev": "17332.9452171957613249", 
                    "size": "4096", 
                    "p50": "529333.5", 
                    "unit": "microseconds", 
                    "mean": "527942.255859375"
                }
            }, 
            {
                "model:alexnet:1:prediction_latency": {
                    "p99": "36986.2999999999992724", 
                    "min": "27658", 
                    "max": "953292", 
                    "p95": "34027.0999999999980901", 
                    "std_dev": "33405.5979842877770132", 
                    "size": "3033", 
                    "p50": "30419", 
                    "unit": "microseconds", 
                    "mean": "32120.8123969666995983"
                }
            }, 
            {
                "model:alexnet:1:batch_size": {
                    "p99": "2", 
                    "min": "1", 
                    "max": "2", 
                    "p95": "2", 
                    "std_dev": "0.0362916924650630085695", 
                    "size": "3033", 
                    "p50": "2", 
                    "unit": "queries", 
                    "mean": "1.99868117375535776282"
                }
            }
        ], 
        "meters": [
            {
                "internal:aggregate_model_throughput": {
                    "rate": "106.06214440334716", 
                    "rate_1min": "77.130594094678017", 
                    "rate_15min": "6.0698022473988784", 
                    "unit": "events per second", 
                    "rate_5min": "17.77234863886369"
                }
            }, 
            {
                "app:alexnet:prediction_throughput": {
                    "rate": "0", 
                    "rate_1min": "0", 
                    "rate_15min": "0", 
                    "unit": "events per second", 
                    "rate_5min": "0"
                }
            }, 
            {
                "model:alexnet:1:prediction_throughput": {
                    "rate": "162.82769005472534", 
                    "rate_1min": "76.930887837286178", 
                    "rate_15min": "6.0503324501618332", 
                    "unit": "events per second", 
                    "rate_5min": "17.717000557804383"
                }
            }
        ], 
        "ratio_counters": [
            {
                "app:alexnet:default_prediction_ratio": {
                    "ratio": "0"
                }
            }, 
            {
                "model:alexnet:1:cache_hit_ratio": {
                    "ratio": "0"
                }
            }
        ], 
        "counters": [
            {
                "internal:aggregate_num_predictions": {
                    "count": "18345"
                }
            }, 
            {
                "app:alexnet:num_predictions": {
                    "count": "6060"
                }
            }, 
            {
                "model:alexnet:1:num_predictions": {
                    "count": "6062"
                }
            }
        ]
    }
}