{
    "client_metrics": {
        "thrus": [
            107.11363042369868, 
            233.2949174369287, 
            219.00431876516603, 
            195.9094114881279, 
            187.10614157199095, 
            188.96465321679253, 
            195.803346866608, 
            190.78981258716712, 
            191.99938560196605, 
            192.1434466115023, 
            192.7157308069586, 
            191.25523680745283, 
            190.88650556481883, 
            194.30699922957277, 
            185.87740641537277, 
            195.1966020175521, 
            191.0022652868663, 
            192.90979345148415, 
            188.29608052293588, 
            199.2752359667888, 
            187.0749890093444, 
            191.16547857321734, 
            196.01405420768668, 
            189.8381534822487, 
            193.3274948429891, 
            185.44824695772152, 
            194.8789704154235, 
            193.92510224701016, 
            190.63923241019464, 
            193.45877200109885
        ], 
        "p99_lats": [
            0.5902500099999969, 
            0.4099411, 
            0.23379999999999998, 
            0.11316019, 
            0.10470749999999997, 
            0.10135751999999998, 
            0.10191046, 
            0.11385303999999999, 
            0.09976721999999999, 
            0.10403035999999997, 
            0.09942996999999998, 
            0.10244140999999996, 
            0.10061749999999998, 
            0.10319008, 
            0.10775811999999997, 
            0.10299467, 
            0.11075543, 
            0.10274251999999998, 
            0.11027529, 
            0.10400462999999999, 
            0.10316238999999996, 
            0.10842670999999998, 
            0.10821431999999999, 
            0.10442452999999996, 
            0.10550566999999995, 
            0.10378713999999997, 
            0.10347983, 
            0.10025140999999999, 
            0.10553004999999999, 
            0.10929648
        ], 
        "mean_lats": [
            0.496014815, 
            0.315988805, 
            0.13971218999999999, 
            0.076177, 
            0.071142185, 
            0.07027536000000001, 
            0.07190226499999999, 
            0.07549897, 
            0.068304235, 
            0.07205257, 
            0.069887015, 
            0.07132849499999999, 
            0.06960834, 
            0.069611555, 
            0.07217981, 
            0.07179663, 
            0.07403614500000001, 
            0.071900185, 
            0.073154975, 
            0.072597955, 
            0.071608225, 
            0.07208085, 
            0.07267096, 
            0.07245622000000002, 
            0.07261758, 
            0.070872175, 
            0.07174301500000001, 
            0.06962672, 
            0.072351765, 
            0.07095351
        ]
    }, 
    "node_configs": [
        {
            "model_image": "model-comp/pytorch-alexnet", 
            "name": "alexnet", 
            "cpus_per_replica": 1, 
            "input_type": "floats", 
            "batch_size": 8, 
            "num_replicas": 2, 
            "slo": 500000, 
            "allocated_cpus": [
                16, 
                17, 
                18, 
                19, 
                20, 
                21, 
                22, 
                23, 
                24, 
                25, 
                26, 
                27, 
                28, 
                29, 
                30, 
                31
            ], 
            "gpus": [
                0, 
                1
            ]
        }
    ], 
    "clipper_metrics": {
        "histograms": [
            {
                "internal:rpc_request_queueing_delay": {
                    "p99": "0", 
                    "min": "0", 
                    "max": "0", 
                    "p95": "0", 
                    "std_dev": "0", 
                    "size": "0", 
                    "p50": "0", 
                    "unit": "microseconds", 
                    "mean": "0"
                }
            }, 
            {
                "app:alexnet:prediction_latency": {
                    "p99": "522722.869999999483298", 
                    "min": "23139", 
                    "max": "967335", 
                    "p95": "321845.349999999567444", 
                    "std_dev": "91291.0630805668361702", 
                    "size": "4096", 
                    "p50": "69841.5", 
                    "unit": "microseconds", 
                    "mean": "92575.78271484375"
                }
            }, 
            {
                "model:alexnet:1:prediction_latency": {
                    "p99": "72513.2400000000179716", 
                    "min": "20845", 
                    "max": "967206", 
                    "p95": "69077.7999999999997272", 
                    "std_dev": "38518.8031171531702945", 
                    "size": "1253", 
                    "p50": "51294", 
                    "unit": "microseconds", 
                    "mean": "50644.9265762170790204"
                }
            }, 
            {
                "model:alexnet:1:batch_size": {
                    "p99": "8", 
                    "min": "1", 
                    "max": "8", 
                    "p95": "8", 
                    "std_dev": "2.08259437742818705359", 
                    "size": "1253", 
                    "p50": "5", 
                    "unit": "queries", 
                    "mean": "4.79728651237031124234"
                }
            }
        ], 
        "meters": [
            {
                "internal:aggregate_model_throughput": {
                    "rate": "95.502994219852468", 
                    "rate_1min": "72.262542777937384", 
                    "rate_15min": "5.9613556938930792", 
                    "unit": "events per second", 
                    "rate_5min": "17.330113198903334"
                }
            }, 
            {
                "app:alexnet:prediction_throughput": {
                    "rate": "0", 
                    "rate_1min": "0", 
                    "rate_15min": "0", 
                    "unit": "events per second", 
                    "rate_5min": "0"
                }
            }, 
            {
                "model:alexnet:1:prediction_throughput": {
                    "rate": "139.04345229324542", 
                    "rate_1min": "71.632113033827054", 
                    "rate_15min": "5.8977243825786392", 
                    "unit": "events per second", 
                    "rate_5min": "17.150250378137542"
                }
            }
        ], 
        "ratio_counters": [
            {
                "app:alexnet:default_prediction_ratio": {
                    "ratio": "0"
                }
            }, 
            {
                "model:alexnet:1:cache_hit_ratio": {
                    "ratio": "0"
                }
            }
        ], 
        "counters": [
            {
                "internal:aggregate_num_predictions": {
                    "count": "6088"
                }
            }, 
            {
                "app:alexnet:num_predictions": {
                    "count": "6011"
                }
            }, 
            {
                "model:alexnet:1:num_predictions": {
                    "count": "6011"
                }
            }
        ]
    }
}