{
    "client_metrics": {
        "thrus": [
            130.87532031734648, 
            441.3608036297513, 
            608.6279092414062, 
            426.63299110256895, 
            626.4604358911713, 
            420.2581225388634, 
            631.450663181059, 
            408.8708622268743, 
            434.17947677031253, 
            632.0573149573203, 
            374.26410320706907, 
            442.11498968766784, 
            587.2300943678762, 
            416.76304312038826, 
            618.563077969876, 
            428.62990593716717, 
            490.8216354176892, 
            510.93659787756934, 
            466.3450440346308, 
            605.8659945593233, 
            447.407274842289, 
            457.49107320543413, 
            544.7765462801295, 
            411.0675836214232, 
            556.740174927763, 
            454.3121033287448, 
            571.5510466528542, 
            442.01825535394613, 
            437.82070366543496, 
            598.6142081082295
        ], 
        "p99_lats": [
            0.9689509599999999, 
            0.7689632499999999, 
            0.76324492, 
            0.72617211, 
            0.43588062, 
            0.7158973699999994, 
            0.43714754, 
            0.7138511099999999, 
            0.43579939, 
            0.76113181, 
            0.7223364499999999, 
            0.45656353, 
            0.75554116, 
            0.42031725, 
            0.41456704, 
            0.76725927, 
            0.42783409, 
            0.35068130999999997, 
            0.7486015300000001, 
            0.35883151, 
            0.74303385, 
            0.42981339999999996, 
            0.7641885999999999, 
            0.7526827399999999, 
            0.37787423, 
            0.76583415, 
            0.47762016999999996, 
            0.75704946, 
            0.40109691000000003, 
            0.30013778999999996
        ], 
        "mean_lats": [
            0.74801441, 
            0.7360817249999999, 
            0.632953715, 
            0.38298425999999997, 
            0.35667030000000005, 
            0.39051679000000006, 
            0.34204908, 
            0.36368838, 
            0.32896293, 
            0.318032695, 
            0.39006083, 
            0.30866435000000003, 
            0.30304497499999994, 
            0.31077904, 
            0.339121805, 
            0.3939718, 
            0.35719610500000004, 
            0.296973325, 
            0.35332892, 
            0.335888785, 
            0.339556395, 
            0.36935294999999996, 
            0.30195434, 
            0.34210454500000004, 
            0.31874553, 
            0.360452645, 
            0.3865036500000001, 
            0.37976672, 
            0.29325927, 
            0.277985005
        ]
    }, 
    "node_configs": [
        {
            "model_image": "model-comp/pytorch-alexnet", 
            "name": "alexnet", 
            "cpus_per_replica": 1, 
            "input_type": "floats", 
            "batch_size": 32, 
            "num_replicas": 4, 
            "slo": 500000, 
            "allocated_cpus": [
                16, 
                17, 
                18, 
                19, 
                20, 
                21, 
                22, 
                23, 
                24, 
                25, 
                26, 
                27, 
                28, 
                29, 
                30, 
                31
            ], 
            "gpus": [
                0, 
                1, 
                2, 
                3
            ]
        }
    ], 
    "clipper_metrics": {
        "histograms": [
            {
                "internal:rpc_request_queueing_delay": {
                    "p99": "0", 
                    "min": "0", 
                    "max": "0", 
                    "p95": "0", 
                    "std_dev": "0", 
                    "size": "0", 
                    "p50": "0", 
                    "unit": "microseconds", 
                    "mean": "0"
                }
            }, 
            {
                "app:alexnet:prediction_latency": {
                    "p99": "759605.699999999824286", 
                    "min": "620383", 
                    "max": "964456", 
                    "p95": "747360.449999999998909", 
                    "std_dev": "22654.7044031991378414", 
                    "size": "4096", 
                    "p50": "717124.5", 
                    "unit": "microseconds", 
                    "mean": "716230.76025390625"
                }
            }, 
            {
                "model:alexnet:1:prediction_latency": {
                    "p99": "961586.949999999984584", 
                    "min": "232801", 
                    "max": "963265", 
                    "p95": "275139.849999999989819", 
                    "std_dev": "97631.5568612930967234", 
                    "size": "198", 
                    "p50": "251218.5", 
                    "unit": "microseconds", 
                    "mean": "266346.782828282828262"
                }
            }, 
            {
                "model:alexnet:1:batch_size": {
                    "p99": "32", 
                    "min": "1", 
                    "max": "32", 
                    "p95": "32", 
                    "std_dev": "4.32667957058524762929", 
                    "size": "198", 
                    "p50": "32", 
                    "unit": "queries", 
                    "mean": "31.3787878787878787654"
                }
            }
        ], 
        "meters": [
            {
                "internal:aggregate_model_throughput": {
                    "rate": "134.04289843075742", 
                    "rate_1min": "84.187162597128562", 
                    "rate_15min": "6.1181410020973956", 
                    "unit": "events per second", 
                    "rate_5min": "18.126276065558017"
                }
            }, 
            {
                "app:alexnet:prediction_throughput": {
                    "rate": "0", 
                    "rate_1min": "0", 
                    "rate_15min": "0", 
                    "unit": "events per second", 
                    "rate_5min": "0"
                }
            }, 
            {
                "model:alexnet:1:prediction_throughput": {
                    "rate": "235.89408071017445", 
                    "rate_1min": "84.698878343500894", 
                    "rate_15min": "6.1535979748660559", 
                    "unit": "events per second", 
                    "rate_5min": "18.232058761099665"
                }
            }
        ], 
        "ratio_counters": [
            {
                "app:alexnet:default_prediction_ratio": {
                    "ratio": "0"
                }
            }, 
            {
                "model:alexnet:1:cache_hit_ratio": {
                    "ratio": "0"
                }
            }
        ], 
        "counters": [
            {
                "internal:aggregate_num_predictions": {
                    "count": "10110"
                }
            }, 
            {
                "app:alexnet:num_predictions": {
                    "count": "6213"
                }
            }, 
            {
                "model:alexnet:1:num_predictions": {
                    "count": "6213"
                }
            }
        ]
    }
}