{
    "client_metrics": {
        "thrus": [
            93.88437200743564, 
            182.53654609823568, 
            180.53995890910537, 
            180.51519035326825, 
            181.75572394213623, 
            180.30216840402832, 
            182.30659776692647, 
            182.13343824219376, 
            175.827112716608, 
            169.7801516815875, 
            170.79229692582405, 
            169.5619367364414, 
            168.7545827416376, 
            164.20199472583192, 
            163.737806650211, 
            165.41872027115437, 
            168.50945801460472, 
            168.39099040844917, 
            168.52749104697705, 
            167.1467958377105, 
            167.88354254420793, 
            168.04096166481543, 
            164.37797729611378, 
            167.0898216399699, 
            166.28642504140532, 
            164.71737381207888, 
            163.2242668782053, 
            165.32970048871462, 
            167.50811576820897, 
            167.3280307080402
        ], 
        "p99_lats": [
            0.5794545299999965, 
            0.5872197599999999, 
            0.5522576399999999, 
            0.54963204, 
            0.5906978700000001, 
            0.5485804, 
            0.5499275499999999, 
            0.6237318899999998, 
            0.5625358800000001, 
            0.56013611, 
            0.66634799, 
            0.55367692, 
            0.55440637, 
            0.70318725, 
            0.57286936, 
            0.5574831299999999, 
            0.74476815, 
            0.5542601600000001, 
            0.5656691100000001, 
            0.55641701, 
            0.83708489, 
            0.5537619899999999, 
            0.5605309599999999, 
            0.5558457, 
            0.8394249100000001, 
            0.55549657, 
            0.5604839199999999, 
            0.55674859, 
            0.55726307, 
            0.9732459299999999
        ], 
        "mean_lats": [
            0.5517728, 
            0.545645415, 
            0.5459590899999999, 
            0.54601582, 
            0.54399278, 
            0.54562351, 
            0.54530354, 
            0.54493431, 
            0.546629055, 
            0.549707115, 
            0.55311934, 
            0.5457898499999999, 
            0.549447165, 
            0.55374356, 
            0.5511111, 
            0.55112236, 
            0.552170075, 
            0.54682285, 
            0.5497749500000001, 
            0.55033496, 
            0.5489698700000001, 
            0.5494100700000001, 
            0.55015543, 
            0.54989937, 
            0.563970905, 
            0.52614569, 
            0.55026854, 
            0.55000877, 
            0.549683055, 
            0.61564617
        ]
    }, 
    "node_configs": [
        {
            "model_image": "model-comp/pytorch-alexnet", 
            "name": "alexnet", 
            "cpus_per_replica": 1, 
            "input_type": "floats", 
            "batch_size": 4, 
            "num_replicas": 2, 
            "slo": 500000, 
            "allocated_cpus": [
                16, 
                17, 
                18, 
                19, 
                20, 
                21, 
                22, 
                23, 
                24, 
                25, 
                26, 
                27, 
                28, 
                29, 
                30, 
                31
            ], 
            "gpus": [
                0, 
                1
            ]
        }
    ], 
    "clipper_metrics": {
        "histograms": [
            {
                "internal:rpc_request_queueing_delay": {
                    "p99": "0", 
                    "min": "0", 
                    "max": "0", 
                    "p95": "0", 
                    "std_dev": "0", 
                    "size": "0", 
                    "p50": "0", 
                    "unit": "microseconds", 
                    "mean": "0"
                }
            }, 
            {
                "app:alexnet:prediction_latency": {
                    "p99": "551512.529999999987012", 
                    "min": "123479", 
                    "max": "966789", 
                    "p95": "548296.449999999998909", 
                    "std_dev": "40462.5499321073986323", 
                    "size": "4096", 
                    "p50": "543945.5", 
                    "unit": "microseconds", 
                    "mean": "537351.286865234375"
                }
            }, 
            {
                "model:alexnet:1:prediction_latency": {
                    "p99": "53084.740000000001146", 
                    "min": "41636", 
                    "max": "966631", 
                    "p95": "49793.6000000000003638", 
                    "std_dev": "33247.0584197249999825", 
                    "size": "1505", 
                    "p50": "46650", 
                    "unit": "microseconds", 
                    "mean": "47654.7933554817275912"
                }
            }, 
            {
                "model:alexnet:1:batch_size": {
                    "p99": "4", 
                    "min": "1", 
                    "max": "4", 
                    "p95": "4", 
                    "std_dev": "0.109289702287357861977", 
                    "size": "1505", 
                    "p50": "4", 
                    "unit": "queries", 
                    "mean": "3.99601328903654481081"
                }
            }
        ], 
        "meters": [
            {
                "internal:aggregate_model_throughput": {
                    "rate": "89.12823985746121", 
                    "rate_1min": "71.52033375525329", 
                    "rate_15min": "6.1098895399382256", 
                    "unit": "events per second", 
                    "rate_5min": "17.667313670098554"
                }
            }, 
            {
                "app:alexnet:prediction_throughput": {
                    "rate": "0", 
                    "rate_1min": "0", 
                    "rate_15min": "0", 
                    "unit": "events per second", 
                    "rate_5min": "0"
                }
            }, 
            {
                "model:alexnet:1:prediction_throughput": {
                    "rate": "126.12565945170151", 
                    "rate_1min": "71.09784854698627", 
                    "rate_15min": "6.0668272083518682", 
                    "unit": "events per second", 
                    "rate_5min": "17.545980407108004"
                }
            }
        ], 
        "ratio_counters": [
            {
                "app:alexnet:default_prediction_ratio": {
                    "ratio": "0"
                }
            }, 
            {
                "model:alexnet:1:cache_hit_ratio": {
                    "ratio": "0"
                }
            }
        ], 
        "counters": [
            {
                "internal:aggregate_num_predictions": {
                    "count": "27332"
                }
            }, 
            {
                "app:alexnet:num_predictions": {
                    "count": "6014"
                }
            }, 
            {
                "model:alexnet:1:num_predictions": {
                    "count": "6014"
                }
            }
        ]
    }
}