{
    "client_metrics": {
        "thrus": [
            105.20535032329605, 
            253.098559109903, 
            209.25755419770653, 
            194.10672570099217, 
            193.61177934065506, 
            191.69702668326764, 
            193.0852316829695, 
            191.0004412110192, 
            189.27098494727858, 
            188.20146213715933, 
            193.6275245398684, 
            188.2067752557024, 
            195.67327259634953, 
            188.21704813556897, 
            198.97547527779463, 
            185.2460762565473, 
            197.4226473389895, 
            187.18879862229042, 
            194.22397325924337, 
            193.90930861636014, 
            189.23481012179153, 
            192.00362502844055, 
            193.16038396421123, 
            191.92052954712514, 
            186.3141106854869, 
            196.34792852935402, 
            194.22435048949393, 
            187.84775315302454, 
            188.6183891612329, 
            193.32955051846153
        ], 
        "p99_lats": [
            0.6570946099999975, 
            0.42758477, 
            0.21792998999999996, 
            0.14913823999999998, 
            0.10345741999999998, 
            0.10890477, 
            0.10240102999999998, 
            0.10464609, 
            0.10282348, 
            0.10266016999999998, 
            0.10299287999999998, 
            0.10213014999999999, 
            0.11160065999999998, 
            0.10661166999999998, 
            0.10122517, 
            0.11258800999999997, 
            0.10729540999999998, 
            0.10037190999999997, 
            0.10206867999999998, 
            0.10781597999999998, 
            0.111093, 
            0.10211828999999999, 
            0.10550121999999997, 
            0.10268904, 
            0.10811646, 
            0.10817848999999999, 
            0.11070518999999997, 
            0.11031438999999998, 
            0.10794495999999998, 
            0.10107853
        ], 
        "mean_lats": [
            0.519907185, 
            0.30518021, 
            0.12295167, 
            0.082928815, 
            0.07131562000000001, 
            0.071119735, 
            0.071627545, 
            0.07365927, 
            0.07258619999999999, 
            0.07302826999999999, 
            0.07112592000000001, 
            0.069786035, 
            0.07295095, 
            0.073113585, 
            0.07114086, 
            0.074422985, 
            0.0723162, 
            0.07115566499999999, 
            0.07078768, 
            0.07342475999999999, 
            0.07444334999999999, 
            0.07254812, 
            0.07337854, 
            0.071533885, 
            0.07285247, 
            0.073652845, 
            0.07424394, 
            0.074490485, 
            0.070319325, 
            0.070873105
        ]
    }, 
    "node_configs": [
        {
            "model_image": "model-comp/pytorch-alexnet", 
            "name": "alexnet", 
            "cpus_per_replica": 1, 
            "input_type": "floats", 
            "batch_size": 16, 
            "num_replicas": 2, 
            "slo": 500000, 
            "allocated_cpus": [
                16, 
                17, 
                18, 
                19, 
                20, 
                21, 
                22, 
                23, 
                24, 
                25, 
                26, 
                27, 
                28, 
                29, 
                30, 
                31
            ], 
            "gpus": [
                0, 
                1
            ]
        }
    ], 
    "clipper_metrics": {
        "histograms": [
            {
                "internal:rpc_request_queueing_delay": {
                    "p99": "0", 
                    "min": "0", 
                    "max": "0", 
                    "p95": "0", 
                    "std_dev": "0", 
                    "size": "0", 
                    "p50": "0", 
                    "unit": "microseconds", 
                    "mean": "0"
                }
            }, 
            {
                "app:alexnet:prediction_latency": {
                    "p99": "549195.249999999649845", 
                    "min": "23261", 
                    "max": "948245", 
                    "p95": "304440.19999999965512", 
                    "std_dev": "92730.1183132413159953", 
                    "size": "4096", 
                    "p50": "70363", 
                    "unit": "microseconds", 
                    "mean": "92752.1513671875"
                }
            }, 
            {
                "model:alexnet:1:prediction_latency": {
                    "p99": "133210.559999999918773", 
                    "min": "22097", 
                    "max": "947818", 
                    "p95": "69851.5999999999892225", 
                    "std_dev": "40651.2658572951922515", 
                    "size": "1211", 
                    "p50": "51357", 
                    "unit": "microseconds", 
                    "mean": "52435.8794384805946081"
                }
            }, 
            {
                "model:alexnet:1:batch_size": {
                    "p99": "16", 
                    "min": "1", 
                    "max": "16", 
                    "p95": "8", 
                    "std_dev": "2.63648791943149108318", 
                    "size": "1211", 
                    "p50": "5", 
                    "unit": "queries", 
                    "mean": "4.96779521056977704839"
                }
            }
        ], 
        "meters": [
            {
                "internal:aggregate_model_throughput": {
                    "rate": "95.403013108161502", 
                    "rate_1min": "71.951521126058026", 
                    "rate_15min": "5.9331297554740363", 
                    "unit": "events per second", 
                    "rate_5min": "17.249240456079367"
                }
            }, 
            {
                "app:alexnet:prediction_throughput": {
                    "rate": "0", 
                    "rate_1min": "0", 
                    "rate_15min": "0", 
                    "unit": "events per second", 
                    "rate_5min": "0"
                }
            }, 
            {
                "model:alexnet:1:prediction_throughput": {
                    "rate": "138.51494662845963", 
                    "rate_1min": "71.223474598102882", 
                    "rate_15min": "5.8577471553532954", 
                    "unit": "events per second", 
                    "rate_5min": "17.036819134376696"
                }
            }
        ], 
        "ratio_counters": [
            {
                "app:alexnet:default_prediction_ratio": {
                    "ratio": "0"
                }
            }, 
            {
                "model:alexnet:1:cache_hit_ratio": {
                    "ratio": "0"
                }
            }
        ], 
        "counters": [
            {
                "internal:aggregate_num_predictions": {
                    "count": "6093"
                }
            }, 
            {
                "app:alexnet:num_predictions": {
                    "count": "6016"
                }
            }, 
            {
                "model:alexnet:1:num_predictions": {
                    "count": "6016"
                }
            }
        ]
    }
}