{
    "client_metrics": {
        "thrus": [
            101.26018297715065, 
            246.07691872325452, 
            234.81426778453914, 
            244.12036110283813, 
            220.61199974850234, 
            238.0666134191008, 
            238.86072986284614, 
            242.98620324337983, 
            225.63380535925415, 
            245.13799430544438, 
            233.52700506286547, 
            233.73660689242507, 
            198.79964772702422, 
            221.95267303152949, 
            211.5730455939913, 
            221.34226375586834, 
            199.69167605217544, 
            188.0742140848779, 
            243.15370353484698, 
            220.96273463480384, 
            213.01613810262268, 
            196.5414599296185, 
            222.69830170275122, 
            216.928209778256, 
            192.68453879992217, 
            223.27907651773953, 
            206.0428239405278, 
            221.09072900246073, 
            198.45443684584458, 
            219.33768791756412
        ], 
        "p99_lats": [
            0.6735665399999972, 
            0.6747134699999999, 
            0.65008731, 
            0.6411601, 
            0.64096548, 
            0.64787649, 
            0.64126451, 
            0.6587843800000001, 
            0.6483002, 
            0.6404591799999999, 
            0.67941519, 
            0.65366028, 
            0.65593298, 
            0.6557516299999999, 
            0.75787214, 
            0.66153268, 
            0.6607446699999999, 
            0.81377227, 
            0.7518744799999996, 
            0.65915391, 
            0.65402871, 
            0.79660155, 
            0.6589148899999991, 
            0.72377452, 
            0.70541246, 
            0.65781618, 
            0.83676237, 
            0.65989603, 
            0.660997, 
            0.6604821900000001
        ], 
        "mean_lats": [
            0.639636965, 
            0.633871725, 
            0.6334387899999999, 
            0.629841085, 
            0.6295052, 
            0.63385194, 
            0.628474405, 
            0.631088215, 
            0.6307645750000002, 
            0.63007613, 
            0.624470045, 
            0.6360774650000001, 
            0.6439942350000001, 
            0.645561195, 
            0.6475464000000001, 
            0.645236985, 
            0.646402255, 
            0.65623797, 
            0.636653315, 
            0.6451621900000001, 
            0.6438834549999999, 
            0.6655186450000001, 
            0.6140492900000001, 
            0.6544917250000001, 
            0.665440255, 
            0.6452633, 
            0.6760984999999999, 
            0.60991624, 
            0.64725696, 
            0.6484410249999999
        ]
    }, 
    "node_configs": [
        {
            "model_image": "model-comp/pytorch-alexnet", 
            "name": "alexnet", 
            "cpus_per_replica": 1, 
            "input_type": "floats", 
            "batch_size": 16, 
            "num_replicas": 2, 
            "slo": 500000, 
            "allocated_cpus": [
                16, 
                17, 
                18, 
                19, 
                20, 
                21, 
                22, 
                23, 
                24, 
                25, 
                26, 
                27, 
                28, 
                29, 
                30, 
                31
            ], 
            "gpus": [
                0, 
                1
            ]
        }
    ], 
    "clipper_metrics": {
        "histograms": [
            {
                "internal:rpc_request_queueing_delay": {
                    "p99": "0", 
                    "min": "0", 
                    "max": "0", 
                    "p95": "0", 
                    "std_dev": "0", 
                    "size": "0", 
                    "p50": "0", 
                    "unit": "microseconds", 
                    "mean": "0"
                }
            }, 
            {
                "app:alexnet:prediction_latency": {
                    "p99": "655838.449999999970714", 
                    "min": "396818", 
                    "max": "982253", 
                    "p95": "649168.999999999992724", 
                    "std_dev": "24637.4056644574381387", 
                    "size": "4096", 
                    "p50": "632875.5", 
                    "unit": "microseconds", 
                    "mean": "630059.870361328125"
                }
            }, 
            {
                "model:alexnet:1:prediction_latency": {
                    "p99": "176102.6799999988325", 
                    "min": "129121", 
                    "max": "981731", 
                    "p95": "155679.550000000000352", 
                    "std_dev": "60965.5354038965793393", 
                    "size": "378", 
                    "p50": "145277", 
                    "unit": "microseconds", 
                    "mean": "147671.669312169312178"
                }
            }, 
            {
                "model:alexnet:1:batch_size": {
                    "p99": "16", 
                    "min": "1", 
                    "max": "16", 
                    "p95": "16", 
                    "std_dev": "1.08819914292080065514", 
                    "size": "378", 
                    "p50": "16", 
                    "unit": "queries", 
                    "mean": "15.9206349206349206679"
                }
            }
        ], 
        "meters": [
            {
                "internal:aggregate_model_throughput": {
                    "rate": "100.71781779534219", 
                    "rate_1min": "69.318464763588665", 
                    "rate_15min": "5.5122276224522828", 
                    "unit": "events per second", 
                    "rate_5min": "16.114482253371659"
                }
            }, 
            {
                "app:alexnet:prediction_throughput": {
                    "rate": "0", 
                    "rate_1min": "0", 
                    "rate_15min": "0", 
                    "unit": "events per second", 
                    "rate_5min": "0"
                }
            }, 
            {
                "model:alexnet:1:prediction_throughput": {
                    "rate": "150.77275169090714", 
                    "rate_1min": "68.713263237842185", 
                    "rate_15min": "5.4599185389440592", 
                    "unit": "events per second", 
                    "rate_5min": "15.963476011865179"
                }
            }
        ], 
        "ratio_counters": [
            {
                "app:alexnet:default_prediction_ratio": {
                    "ratio": "0"
                }
            }, 
            {
                "model:alexnet:1:cache_hit_ratio": {
                    "ratio": "0"
                }
            }
        ], 
        "counters": [
            {
                "internal:aggregate_num_predictions": {
                    "count": "21664"
                }
            }, 
            {
                "app:alexnet:num_predictions": {
                    "count": "6018"
                }
            }, 
            {
                "model:alexnet:1:num_predictions": {
                    "count": "6018"
                }
            }
        ]
    }
}