{
    "client_metrics": {
        "thrus": [
            52.52645691976978, 
            69.55771725483514, 
            70.1220965945905, 
            69.47392261577656, 
            70.34973314587475, 
            69.86872714200923, 
            70.0072492506599, 
            70.10933901966813, 
            69.79818552636905, 
            69.71490438426576, 
            70.37988599162267, 
            70.24462338872006, 
            70.37203584188529, 
            70.3395889846797, 
            69.92510671445349, 
            69.67203977437407, 
            69.82343050892902, 
            69.22290710597369, 
            69.46830005164968, 
            69.27853678188035, 
            69.18284680496318, 
            69.01611319194693, 
            69.05252342088963, 
            69.09434245159855, 
            68.74626407021194, 
            68.72172101180364, 
            69.11308559517425, 
            68.37833596532944, 
            69.06809527114925, 
            69.01868542870612
        ], 
        "p99_lats": [
            0.53364987, 
            0.5349962699999999, 
            0.5325447499999999, 
            0.53483846, 
            0.5581791099999998, 
            0.53216697, 
            0.5325966799999999, 
            0.53232573, 
            0.5335804, 
            0.5329676899999999, 
            0.5790802399999998, 
            0.53188833, 
            0.53182014, 
            0.5317930399999999, 
            0.5326181, 
            0.5337104600000001, 
            0.6376077999999997, 
            0.53266966, 
            0.5322496, 
            0.53248514, 
            0.53257828, 
            0.53279391, 
            0.6544809499999998, 
            0.5329, 
            0.53366718, 
            0.53288043, 
            0.5322723300000001, 
            0.53664029, 
            0.7153254499999997, 
            0.5319302800000001
        ], 
        "mean_lats": [
            0.5288738399999999, 
            0.5268728500000001, 
            0.526582715, 
            0.52719041, 
            0.526813005, 
            0.526797615, 
            0.52669327, 
            0.526587385, 
            0.526841815, 
            0.52677167, 
            0.5269189400000001, 
            0.5263427, 
            0.526539015, 
            0.52667856, 
            0.52676902, 
            0.526785835, 
            0.53085507, 
            0.5237849699999999, 
            0.526761155, 
            0.526964435, 
            0.5270400749999999, 
            0.526952295, 
            0.53173416, 
            0.5203908349999999, 
            0.5273407, 
            0.52725877, 
            0.527133095, 
            0.5273666, 
            0.5339466900000001, 
            0.516518
        ]
    }, 
    "node_configs": [
        {
            "model_image": "model-comp/pytorch-alexnet", 
            "name": "alexnet", 
            "cpus_per_replica": 1, 
            "input_type": "floats", 
            "batch_size": 2, 
            "num_replicas": 1, 
            "slo": 500000, 
            "allocated_cpus": [
                16, 
                17, 
                18, 
                19, 
                20, 
                21, 
                22, 
                23, 
                24, 
                25, 
                26, 
                27, 
                28, 
                29, 
                30, 
                31
            ], 
            "gpus": [
                0
            ]
        }
    ], 
    "clipper_metrics": {
        "histograms": [
            {
                "internal:rpc_request_queueing_delay": {
                    "p99": "0", 
                    "min": "0", 
                    "max": "0", 
                    "p95": "0", 
                    "std_dev": "0", 
                    "size": "0", 
                    "p50": "0", 
                    "unit": "microseconds", 
                    "mean": "0"
                }
            }, 
            {
                "app:alexnet:prediction_latency": {
                    "p99": "529293.119999999998981", 
                    "min": "307204", 
                    "max": "934295", 
                    "p95": "528250.149999999999636", 
                    "std_dev": "12342.4243313966070383", 
                    "size": "4096", 
                    "p50": "523454.5", 
                    "unit": "microseconds", 
                    "mean": "522751.21923828125"
                }
            }, 
            {
                "model:alexnet:1:prediction_latency": {
                    "p99": "32008.7200000000038926", 
                    "min": "26702", 
                    "max": "933901", 
                    "p95": "29252.3999999999991815", 
                    "std_dev": "16536.0858426147685112", 
                    "size": "3003", 
                    "p50": "28463", 
                    "unit": "microseconds", 
                    "mean": "28868.1125541125541023"
                }
            }, 
            {
                "model:alexnet:1:batch_size": {
                    "p99": "2", 
                    "min": "1", 
                    "max": "2", 
                    "p95": "2", 
                    "std_dev": "0.0182452581176193471156", 
                    "size": "3003", 
                    "p50": "2", 
                    "unit": "queries", 
                    "mean": "1.99966699966699966537"
                }
            }
        ], 
        "meters": [
            {
                "internal:aggregate_model_throughput": {
                    "rate": "51.032069861433442", 
                    "rate_1min": "52.178261524740194", 
                    "rate_15min": "6.1750614809632252", 
                    "unit": "events per second", 
                    "rate_5min": "16.922866808497378"
                }
            }, 
            {
                "app:alexnet:prediction_throughput": {
                    "rate": "0", 
                    "rate_1min": "0", 
                    "rate_15min": "0", 
                    "unit": "events per second", 
                    "rate_5min": "0"
                }
            }, 
            {
                "model:alexnet:1:prediction_throughput": {
                    "rate": "61.262141304551648", 
                    "rate_1min": "52.077923050629558", 
                    "rate_15min": "6.1507419568217152", 
                    "unit": "events per second", 
                    "rate_5min": "16.862188196583375"
                }
            }
        ], 
        "ratio_counters": [
            {
                "app:alexnet:default_prediction_ratio": {
                    "ratio": "0"
                }
            }, 
            {
                "model:alexnet:1:cache_hit_ratio": {
                    "ratio": "0"
                }
            }
        ], 
        "counters": [
            {
                "internal:aggregate_num_predictions": {
                    "count": "16601"
                }
            }, 
            {
                "app:alexnet:num_predictions": {
                    "count": "6005"
                }
            }, 
            {
                "model:alexnet:1:num_predictions": {
                    "count": "6005"
                }
            }
        ]
    }
}