{
    "client_metrics": {
        "thrus": [
            108.4762236389217, 
            227.666227650291, 
            232.65390637541498, 
            225.35973046976235, 
            231.94806218991445, 
            221.8249091626997, 
            236.24242252429752, 
            224.85679432911164, 
            237.0196204841837, 
            222.18321672417508, 
            235.49331728838865, 
            211.63998768255271, 
            214.69040570045965, 
            207.24572503880677, 
            218.03759622271667, 
            205.1789211487147, 
            207.34219444758338, 
            198.54900387964753, 
            211.48646433756622, 
            202.0110197011247, 
            210.68976669268687, 
            202.23019458589323, 
            206.6809620998786, 
            203.466458045725, 
            195.97928890874812, 
            195.99907096440361, 
            212.16692444947986, 
            201.0422027792074, 
            205.02180406886274, 
            200.4817576636658
        ], 
        "p99_lats": [
            0.6010173499999971, 
            0.5852012400000001, 
            0.57583223, 
            0.5810712299999999, 
            0.58501287, 
            0.62615036, 
            0.5759104, 
            0.5741251, 
            0.5769492399999999, 
            0.57868176, 
            0.62813896, 
            0.5924123299999999, 
            0.5871211000000001, 
            0.58140929, 
            0.6859670800000001, 
            0.58246925, 
            0.59158959, 
            0.58851401, 
            0.75101266, 
            0.58570507, 
            0.58638928, 
            0.58564614, 
            0.77589481, 
            0.58736413, 
            0.6013380599999999, 
            0.61270586, 
            0.7846732999999999, 
            0.5838840399999999, 
            0.60105679, 
            0.58652901
        ], 
        "mean_lats": [
            0.5756917, 
            0.57009805, 
            0.568293065, 
            0.569994075, 
            0.5704744150000001, 
            0.573695855, 
            0.566503055, 
            0.568595175, 
            0.56921148, 
            0.56769913, 
            0.573443305, 
            0.568871855, 
            0.577345875, 
            0.5753201099999999, 
            0.58383051, 
            0.5658044200000001, 
            0.5793833199999999, 
            0.57980343, 
            0.572115015, 
            0.57716839, 
            0.5778178749999999, 
            0.5774405300000001, 
            0.57723095, 
            0.57777371, 
            0.5828051750000001, 
            0.592851755, 
            0.60690904, 
            0.535239595, 
            0.584688605, 
            0.57780282
        ]
    }, 
    "node_configs": [
        {
            "model_image": "model-comp/pytorch-alexnet", 
            "name": "alexnet", 
            "cpus_per_replica": 1, 
            "input_type": "floats", 
            "batch_size": 8, 
            "num_replicas": 2, 
            "slo": 500000, 
            "allocated_cpus": [
                16, 
                17, 
                18, 
                19, 
                20, 
                21, 
                22, 
                23, 
                24, 
                25, 
                26, 
                27, 
                28, 
                29, 
                30, 
                31
            ], 
            "gpus": [
                0, 
                1
            ]
        }
    ], 
    "clipper_metrics": {
        "histograms": [
            {
                "internal:rpc_request_queueing_delay": {
                    "p99": "0", 
                    "min": "0", 
                    "max": "0", 
                    "p95": "0", 
                    "std_dev": "0", 
                    "size": "0", 
                    "p50": "0", 
                    "unit": "microseconds", 
                    "mean": "0"
                }
            }, 
            {
                "app:alexnet:prediction_latency": {
                    "p99": "583490.489999999978863", 
                    "min": "324789", 
                    "max": "932351", 
                    "p95": "578012.899999999997817", 
                    "std_dev": "24505.0292179402825052", 
                    "size": "4096", 
                    "p50": "568830.5", 
                    "unit": "microseconds", 
                    "mean": "565380.3828125"
                }
            }, 
            {
                "model:alexnet:1:prediction_latency": {
                    "p99": "89070.7500000001671197", 
                    "min": "65833", 
                    "max": "932218", 
                    "p95": "81685.25", 
                    "std_dev": "43689.0648392649001295", 
                    "size": "754", 
                    "p50": "74833", 
                    "unit": "microseconds", 
                    "mean": "76359.3673740053050523"
                }
            }, 
            {
                "model:alexnet:1:batch_size": {
                    "p99": "8", 
                    "min": "1", 
                    "max": "8", 
                    "p95": "8", 
                    "std_dev": "0.360039883309435580739", 
                    "size": "754", 
                    "p50": "8", 
                    "unit": "queries", 
                    "mean": "7.9814323607427055461"
                }
            }
        ], 
        "meters": [
            {
                "internal:aggregate_model_throughput": {
                    "rate": "99.799853036507542", 
                    "rate_1min": "78.883866334209216", 
                    "rate_15min": "6.5194468651409929", 
                    "unit": "events per second", 
                    "rate_5min": "18.948035476239699"
                }
            }, 
            {
                "app:alexnet:prediction_throughput": {
                    "rate": "0", 
                    "rate_1min": "0", 
                    "rate_15min": "0", 
                    "unit": "events per second", 
                    "rate_5min": "0"
                }
            }, 
            {
                "model:alexnet:1:prediction_throughput": {
                    "rate": "148.42421722873195", 
                    "rate_1min": "78.247659115320829", 
                    "rate_15min": "6.4588533945545574", 
                    "unit": "events per second", 
                    "rate_5min": "18.775581317022848"
                }
            }
        ], 
        "ratio_counters": [
            {
                "app:alexnet:default_prediction_ratio": {
                    "ratio": "0"
                }
            }, 
            {
                "model:alexnet:1:cache_hit_ratio": {
                    "ratio": "0"
                }
            }
        ], 
        "counters": [
            {
                "internal:aggregate_num_predictions": {
                    "count": "22192"
                }
            }, 
            {
                "app:alexnet:num_predictions": {
                    "count": "6018"
                }
            }, 
            {
                "model:alexnet:1:num_predictions": {
                    "count": "6018"
                }
            }
        ]
    }
}