{
    "client_metrics": {
        "thrus": [
            137.4216267285064, 
            443.4353825960481, 
            424.09270666567716, 
            422.97963776023823, 
            435.5723202501927, 
            441.489408669086, 
            445.52459407140424, 
            423.2857983381799, 
            405.62191980854647, 
            419.45253055711686, 
            437.41087753370255, 
            410.8480314216574, 
            446.0372931780826, 
            444.0073438814678, 
            401.49839199894, 
            438.2082540906741, 
            442.5718736722844, 
            457.9960383342684, 
            414.56963526163486, 
            451.62324685500863, 
            437.12216253076247, 
            407.6034344665388, 
            443.1936534668823, 
            436.3649057888168, 
            434.8629638085298, 
            427.8431783614034, 
            438.4513023099807, 
            442.0856717823347, 
            454.4597269151501, 
            454.50930039655935
        ], 
        "p99_lats": [
            0.9347483699999999, 
            0.58471987, 
            0.57836795, 
            0.14479912999999997, 
            0.12116679, 
            0.57437329, 
            0.14165223999999998, 
            0.17850069, 
            0.15400652999999617, 
            0.14805079999999998, 
            0.57469033, 
            0.5696988700000001, 
            0.14326468, 
            0.6395466399999999, 
            0.1718866, 
            0.14384292999999998, 
            0.6015548199999999, 
            0.13239798000000003, 
            0.14832577, 
            0.14031232, 
            0.57389675, 
            0.57985716, 
            0.19531069, 
            0.57543582, 
            0.14244341, 
            0.138002009999996, 
            0.12568632000000002, 
            0.5778238600000001, 
            0.12863335, 
            0.5717050599999999
        ], 
        "mean_lats": [
            0.58181212, 
            0.575134885, 
            0.24175951000000004, 
            0.10763012500000001, 
            0.10115278500000001, 
            0.125577825, 
            0.12189863500000002, 
            0.12200646500000001, 
            0.10957044500000002, 
            0.093417745, 
            0.11559697499999999, 
            0.11996459499999998, 
            0.11390609000000002, 
            0.18832259999999998, 
            0.14317662000000003, 
            0.08813326999999999, 
            0.143694595, 
            0.12183192999999999, 
            0.13457546, 
            0.097536375, 
            0.14473247, 
            0.14472836, 
            0.091618505, 
            0.16198453000000002, 
            0.11876786500000001, 
            0.12182784999999999, 
            0.10770185999999998, 
            0.130589325, 
            0.11820509000000001, 
            0.1390442
        ]
    }, 
    "node_configs": [
        {
            "model_image": "model-comp/pytorch-alexnet", 
            "name": "alexnet", 
            "cpus_per_replica": 1, 
            "input_type": "floats", 
            "batch_size": 8, 
            "num_replicas": 4, 
            "slo": 500000, 
            "allocated_cpus": [
                16, 
                17, 
                18, 
                19, 
                20, 
                21, 
                22, 
                23, 
                24, 
                25, 
                26, 
                27, 
                28, 
                29, 
                30, 
                31
            ], 
            "gpus": [
                0, 
                1, 
                2, 
                3
            ]
        }
    ], 
    "clipper_metrics": {
        "histograms": [
            {
                "internal:rpc_request_queueing_delay": {
                    "p99": "0", 
                    "min": "0", 
                    "max": "0", 
                    "p95": "0", 
                    "std_dev": "0", 
                    "size": "0", 
                    "p50": "0", 
                    "unit": "microseconds", 
                    "mean": "0"
                }
            }, 
            {
                "app:alexnet:prediction_latency": {
                    "p99": "579479.359999999996944", 
                    "min": "478433", 
                    "max": "940025", 
                    "p95": "573981.099999999973079", 
                    "std_dev": "14539.2169854694655164", 
                    "size": "4096", 
                    "p50": "566866", 
                    "unit": "microseconds", 
                    "mean": "566159.916015625"
                }
            }, 
            {
                "model:alexnet:1:prediction_latency": {
                    "p99": "87397.6399999999982811", 
                    "min": "68106", 
                    "max": "939682", 
                    "p95": "78197.9999999999899956", 
                    "std_dev": "62036.5802594617319343", 
                    "size": "767", 
                    "p50": "72002", 
                    "unit": "microseconds", 
                    "mean": "77165.6923076923076721"
                }
            }, 
            {
                "model:alexnet:1:batch_size": {
                    "p99": "8", 
                    "min": "1", 
                    "max": "8", 
                    "p95": "8", 
                    "std_dev": "0.504190827736802781001", 
                    "size": "767", 
                    "p50": "8", 
                    "unit": "queries", 
                    "mean": "7.96349413298565844558"
                }
            }
        ], 
        "meters": [
            {
                "internal:aggregate_model_throughput": {
                    "rate": "128.96338029848425", 
                    "rate_1min": "76.631810969048502", 
                    "rate_15min": "5.6022386541839717", 
                    "unit": "events per second", 
                    "rate_5min": "16.583297969406161"
                }
            }, 
            {
                "app:alexnet:prediction_throughput": {
                    "rate": "0", 
                    "rate_1min": "0", 
                    "rate_15min": "0", 
                    "unit": "events per second", 
                    "rate_5min": "0"
                }
            }, 
            {
                "model:alexnet:1:prediction_throughput": {
                    "rate": "221.81376167485826", 
                    "rate_1min": "75.567737493283545", 
                    "rate_15min": "5.5146733609908356", 
                    "unit": "events per second", 
                    "rate_5min": "16.328370921252116"
                }
            }
        ], 
        "ratio_counters": [
            {
                "app:alexnet:default_prediction_ratio": {
                    "ratio": "0"
                }
            }, 
            {
                "model:alexnet:1:cache_hit_ratio": {
                    "ratio": "0"
                }
            }
        ], 
        "counters": [
            {
                "internal:aggregate_num_predictions": {
                    "count": "11330"
                }
            }, 
            {
                "app:alexnet:num_predictions": {
                    "count": "6100"
                }
            }, 
            {
                "model:alexnet:1:num_predictions": {
                    "count": "6100"
                }
            }
        ]
    }
}