{
    "client_metrics": {
        "thrus": [
            80.67443830422332, 
            280.49271350053505, 
            219.73313410862508, 
            192.37613381683866, 
            188.32019329184638, 
            190.7346813824831, 
            194.25321294814216, 
            191.11469557340143, 
            193.02187323867543, 
            191.93839545259556, 
            182.17076505345344, 
            200.16233165096892, 
            192.80341956144935, 
            188.3625829030818, 
            193.6852788535381, 
            190.32972721943494, 
            190.03332234307288, 
            195.21641691979727, 
            188.97858022282463, 
            192.7681115279186, 
            189.20187082809875, 
            189.19847014117045, 
            193.2550135181882, 
            191.28468708694461, 
            188.43374810741855, 
            192.1185294479282, 
            190.6067106904633, 
            191.1623723632735, 
            192.0255624428724, 
            195.09454281544836
        ], 
        "p99_lats": [
            0.7910275999999943, 
            0.5200131, 
            0.23025799999999993, 
            0.09971116999999999, 
            0.10345388999999997, 
            0.13070845999999997, 
            0.10361512, 
            0.10329915, 
            0.13425088999999996, 
            0.1107313, 
            0.11210076999999995, 
            0.11259814999999998, 
            0.10921585, 
            0.10182748, 
            0.10824256999999998, 
            0.10188081999999997, 
            0.11144833999999999, 
            0.09756481, 
            0.11101399, 
            0.10271610999999997, 
            0.10452514999999998, 
            0.10948085999999997, 
            0.10255373999999999, 
            0.10051882999999999, 
            0.11157125999999998, 
            0.10921397, 
            0.09823086, 
            0.10725655999999999, 
            0.10965826, 
            0.10159204999999995
        ], 
        "mean_lats": [
            0.58270682, 
            0.29351481, 
            0.10749084999999999, 
            0.06910142999999999, 
            0.07167172499999999, 
            0.07524096499999999, 
            0.07286683, 
            0.071419815, 
            0.079956875, 
            0.07317346000000001, 
            0.07339267, 
            0.07556144, 
            0.07353498, 
            0.07054147999999999, 
            0.072502755, 
            0.07223958999999999, 
            0.073369015, 
            0.06815754, 
            0.075165215, 
            0.072462605, 
            0.07151035, 
            0.07172556999999999, 
            0.072276165, 
            0.071053645, 
            0.07416463000000001, 
            0.072410845, 
            0.069121735, 
            0.07177225500000001, 
            0.07143049, 
            0.07026895
        ]
    }, 
    "node_configs": [
        {
            "model_image": "model-comp/pytorch-alexnet", 
            "name": "alexnet", 
            "cpus_per_replica": 1, 
            "input_type": "floats", 
            "batch_size": 32, 
            "num_replicas": 2, 
            "slo": 500000, 
            "allocated_cpus": [
                16, 
                17, 
                18, 
                19, 
                20, 
                21, 
                22, 
                23, 
                24, 
                25, 
                26, 
                27, 
                28, 
                29, 
                30, 
                31
            ], 
            "gpus": [
                0, 
                1
            ]
        }
    ], 
    "clipper_metrics": {
        "histograms": [
            {
                "internal:rpc_request_queueing_delay": {
                    "p99": "0", 
                    "min": "0", 
                    "max": "0", 
                    "p95": "0", 
                    "std_dev": "0", 
                    "size": "0", 
                    "p50": "0", 
                    "unit": "microseconds", 
                    "mean": "0"
                }
            }, 
            {
                "app:alexnet:prediction_latency": {
                    "p99": "620670.549999999112515", 
                    "min": "22799", 
                    "max": "1454191", 
                    "p95": "297833.549999999433567", 
                    "std_dev": "104163.357928710428929", 
                    "size": "4096", 
                    "p50": "69548.5", 
                    "unit": "microseconds", 
                    "mean": "93781.66455078125"
                }
            }, 
            {
                "model:alexnet:1:prediction_latency": {
                    "p99": "207639.440000001362932", 
                    "min": "22103", 
                    "max": "1453713", 
                    "p95": "70009.5999999999944521", 
                    "std_dev": "60974.2055461669756546", 
                    "size": "1207", 
                    "p50": "51595", 
                    "unit": "microseconds", 
                    "mean": "53427.4821872410936194"
                }
            }, 
            {
                "model:alexnet:1:batch_size": {
                    "p99": "19.6800000000002910383", 
                    "min": "1", 
                    "max": "32", 
                    "p95": "8", 
                    "std_dev": "3.26267355251142907925", 
                    "size": "1207", 
                    "p50": "5", 
                    "unit": "queries", 
                    "mean": "4.98094449047224520875"
                }
            }
        ], 
        "meters": [
            {
                "internal:aggregate_model_throughput": {
                    "rate": "94.423871460400562", 
                    "rate_1min": "70.778972704891672", 
                    "rate_15min": "5.8114500517644778", 
                    "unit": "events per second", 
                    "rate_5min": "16.906420442952282"
                }
            }, 
            {
                "app:alexnet:prediction_throughput": {
                    "rate": "0", 
                    "rate_1min": "0", 
                    "rate_15min": "0", 
                    "unit": "events per second", 
                    "rate_5min": "0"
                }
            }, 
            {
                "model:alexnet:1:prediction_throughput": {
                    "rate": "146.7049976990107", 
                    "rate_1min": "76.153970318140452", 
                    "rate_15min": "6.3630924946782139", 
                    "unit": "events per second", 
                    "rate_5min": "18.462511058351616"
                }
            }
        ], 
        "ratio_counters": [
            {
                "app:alexnet:default_prediction_ratio": {
                    "ratio": "0"
                }
            }, 
            {
                "model:alexnet:1:cache_hit_ratio": {
                    "ratio": "0"
                }
            }
        ], 
        "counters": [
            {
                "internal:aggregate_num_predictions": {
                    "count": "6181"
                }
            }, 
            {
                "app:alexnet:num_predictions": {
                    "count": "6012"
                }
            }, 
            {
                "model:alexnet:1:num_predictions": {
                    "count": "6012"
                }
            }
        ]
    }
}