{
    "client_metrics": {
        "thrus": [
            96.22907137983827, 
            183.50408388338684, 
            180.06176118408615, 
            180.10797473085117, 
            179.48181804312767, 
            181.97269317766174, 
            184.49163330442963, 
            184.41015030349303, 
            184.01532479624902, 
            185.07140054633075, 
            186.22424751437185, 
            186.73717862531558, 
            184.7409516191159, 
            181.22705212452473, 
            182.81101180410704, 
            179.58479994253287, 
            184.39654846540583, 
            182.18935121461087, 
            172.15437427049585, 
            182.10624078087156, 
            183.2528853166793, 
            181.90384199104668, 
            183.14666109900818, 
            182.69611971711333, 
            185.58952978108786, 
            182.92370618062617, 
            185.52824064497037, 
            182.34482683167656, 
            183.52664806929965, 
            184.7305427937539
        ], 
        "p99_lats": [
            0.5559744799999965, 
            0.54677584, 
            0.54850771, 
            0.54817549, 
            0.54766204, 
            0.54911621, 
            0.54682297, 
            0.5473014100000001, 
            0.54688027, 
            0.54798903, 
            0.54634816, 
            0.5467307100000001, 
            0.54657105, 
            0.54791328, 
            0.54688804, 
            0.54795192, 
            0.54643723, 
            0.5469584099999999, 
            0.55869742, 
            0.54736104, 
            0.54724895, 
            0.54723582, 
            0.5473101399999999, 
            0.54737215, 
            0.54653269, 
            0.54721171, 
            0.54679607, 
            0.5476787599999999, 
            0.5463126100000001, 
            0.54772383
        ], 
        "mean_lats": [
            0.53590007, 
            0.529658795, 
            0.53105615, 
            0.53112695, 
            0.530673985, 
            0.53036789, 
            0.530083965, 
            0.53008268, 
            0.52960111, 
            0.52954996, 
            0.52883591, 
            0.528898495, 
            0.52963572, 
            0.5311742850000001, 
            0.5305591749999999, 
            0.5296089700000001, 
            0.5292614449999999, 
            0.5304359949999999, 
            0.53203716, 
            0.53072759, 
            0.5308537099999999, 
            0.530574615, 
            0.53034905, 
            0.5301263199999999, 
            0.5297887649999999, 
            0.53060023, 
            0.53011442, 
            0.530809515, 
            0.5320131300000001, 
            0.534090925
        ]
    }, 
    "node_configs": [
        {
            "model_image": "model-comp/pytorch-alexnet", 
            "name": "alexnet", 
            "cpus_per_replica": 1, 
            "input_type": "floats", 
            "batch_size": 4, 
            "num_replicas": 2, 
            "slo": 500000, 
            "allocated_cpus": [
                16, 
                17, 
                18, 
                19, 
                20, 
                21, 
                22, 
                23, 
                24, 
                25, 
                26, 
                27, 
                28, 
                29, 
                30, 
                31
            ], 
            "gpus": [
                0, 
                1
            ]
        }
    ], 
    "clipper_metrics": {
        "histograms": [
            {
                "internal:rpc_request_queueing_delay": {
                    "p99": "0", 
                    "min": "0", 
                    "max": "0", 
                    "p95": "0", 
                    "std_dev": "0", 
                    "size": "0", 
                    "p50": "0", 
                    "unit": "microseconds", 
                    "mean": "0"
                }
            }, 
            {
                "app:alexnet:prediction_latency": {
                    "p99": "543832.099999999982174", 
                    "min": "503114", 
                    "max": "962056", 
                    "p95": "541961.649999999995998", 
                    "std_dev": "13324.4106732574481251", 
                    "size": "4096", 
                    "p50": "526302.5", 
                    "unit": "microseconds", 
                    "mean": "526645.721923828125"
                }
            }, 
            {
                "model:alexnet:1:prediction_latency": {
                    "p99": "48196.5300000000395357", 
                    "min": "41184", 
                    "max": "961929", 
                    "p95": "45501.8499999999987722", 
                    "std_dev": "32951.836568159520489", 
                    "size": "1506", 
                    "p50": "43644.5", 
                    "unit": "microseconds", 
                    "mean": "44889.3346613545816766"
                }
            }, 
            {
                "model:alexnet:1:batch_size": {
                    "p99": "4", 
                    "min": "1", 
                    "max": "4", 
                    "p95": "4", 
                    "std_dev": "0.109253459767347318173", 
                    "size": "1506", 
                    "p50": "4", 
                    "unit": "queries", 
                    "mean": "3.99601593625498011401"
                }
            }
        ], 
        "meters": [
            {
                "internal:aggregate_model_throughput": {
                    "rate": "92.693120525454475", 
                    "rate_1min": "67.938519691211837", 
                    "rate_15min": "5.5895915487324288", 
                    "unit": "events per second", 
                    "rate_5min": "16.256023629942057"
                }
            }, 
            {
                "app:alexnet:prediction_throughput": {
                    "rate": "0", 
                    "rate_1min": "0", 
                    "rate_15min": "0", 
                    "unit": "events per second", 
                    "rate_5min": "0"
                }
            }, 
            {
                "model:alexnet:1:prediction_throughput": {
                    "rate": "132.93072714300547", 
                    "rate_1min": "76.60120527773158", 
                    "rate_15min": "6.5094472341756342", 
                    "unit": "events per second", 
                    "rate_5min": "18.837359866353633"
                }
            }
        ], 
        "ratio_counters": [
            {
                "app:alexnet:default_prediction_ratio": {
                    "ratio": "0"
                }
            }, 
            {
                "model:alexnet:1:cache_hit_ratio": {
                    "ratio": "0"
                }
            }
        ], 
        "counters": [
            {
                "internal:aggregate_num_predictions": {
                    "count": "6470"
                }
            }, 
            {
                "app:alexnet:num_predictions": {
                    "count": "6018"
                }
            }, 
            {
                "model:alexnet:1:num_predictions": {
                    "count": "6018"
                }
            }
        ]
    }
}