{
    "client_metrics": {
        "thrus": [
            63.426422178951306, 
            92.0905710766539, 
            92.98199775541457, 
            91.88651280576387, 
            92.49115206516556, 
            92.72425244548626, 
            92.34156035075019, 
            91.7486746903941, 
            92.09417550387026, 
            92.72627296945689, 
            91.74004723695032, 
            92.18301832091397, 
            92.66050072807988, 
            93.20954484381109, 
            92.35733792903447, 
            92.32787660194637, 
            92.33077500144266, 
            92.04861087140118, 
            93.05597689233983, 
            92.56910746717962, 
            92.98796363798671, 
            93.02866445723588, 
            92.97460631065141, 
            92.8728450017228, 
            90.88909530812313, 
            91.95148639577758, 
            89.4271209206701, 
            94.12708191456368, 
            91.17735956749108, 
            90.60236073511132
        ], 
        "p99_lats": [
            0.5487668299999999, 
            0.5474036999999999, 
            0.54648635, 
            0.5481592000000001, 
            0.54879138, 
            0.54665702, 
            0.54682066, 
            0.57314069, 
            0.5493244800000001, 
            0.54663964, 
            0.54783718, 
            0.54797504, 
            0.5475498799999999, 
            0.54667012, 
            0.54673202, 
            0.5473244899999999, 
            0.54694509, 
            0.6008323, 
            0.54716586, 
            0.54643345, 
            0.54630394, 
            0.5486357300000001, 
            0.5460286400000001, 
            0.54697045, 
            0.5504025799999999, 
            0.55103289, 
            0.65332148, 
            0.57213741, 
            0.5481320000000001, 
            0.5481875999999999
        ], 
        "mean_lats": [
            0.5390996849999999, 
            0.536973365, 
            0.5363227399999999, 
            0.536761795, 
            0.5369175849999999, 
            0.536464845, 
            0.5364627550000001, 
            0.537502225, 
            0.536135755, 
            0.5365527, 
            0.536499095, 
            0.5367568100000001, 
            0.536856925, 
            0.5364400349999999, 
            0.5367522, 
            0.53691348, 
            0.53652813, 
            0.535221825, 
            0.53654595, 
            0.53638987, 
            0.536304775, 
            0.536300765, 
            0.536104095, 
            0.5365623150000001, 
            0.537328535, 
            0.53722254, 
            0.53983673, 
            0.5323954949999999, 
            0.537152785, 
            0.53719341
        ]
    }, 
    "node_configs": [
        {
            "model_image": "model-comp/pytorch-alexnet", 
            "name": "alexnet", 
            "cpus_per_replica": 1, 
            "input_type": "floats", 
            "batch_size": 4, 
            "num_replicas": 1, 
            "slo": 500000, 
            "allocated_cpus": [
                16, 
                17, 
                18, 
                19, 
                20, 
                21, 
                22, 
                23, 
                24, 
                25, 
                26, 
                27, 
                28, 
                29, 
                30, 
                31
            ], 
            "gpus": [
                0
            ]
        }
    ], 
    "clipper_metrics": {
        "histograms": [
            {
                "internal:rpc_request_queueing_delay": {
                    "p99": "0", 
                    "min": "0", 
                    "max": "0", 
                    "p95": "0", 
                    "std_dev": "0", 
                    "size": "0", 
                    "p50": "0", 
                    "unit": "microseconds", 
                    "mean": "0"
                }
            }, 
            {
                "app:alexnet:prediction_latency": {
                    "p99": "543718.319999999988795", 
                    "min": "404150", 
                    "max": "964855", 
                    "p95": "542401.299999999999272", 
                    "std_dev": "10501.7690061570153164", 
                    "size": "4096", 
                    "p50": "532710.5", 
                    "unit": "microseconds", 
                    "mean": "532622.45458984375"
                }
            }, 
            {
                "model:alexnet:1:prediction_latency": {
                    "p99": "47996.9600000000173168", 
                    "min": "41213", 
                    "max": "964455", 
                    "p95": "44499.7999999999997272", 
                    "std_dev": "23784.4470391243807512", 
                    "size": "1503", 
                    "p50": "43140", 
                    "unit": "microseconds", 
                    "mean": "43761.738522954091767"
                }
            }, 
            {
                "model:alexnet:1:batch_size": {
                    "p99": "4", 
                    "min": "1", 
                    "max": "4", 
                    "p95": "4", 
                    "std_dev": "0.077356576347609188212", 
                    "size": "1503", 
                    "p50": "4", 
                    "unit": "queries", 
                    "mean": "3.9980039920159680996"
                }
            }
        ], 
        "meters": [
            {
                "internal:aggregate_model_throughput": {
                    "rate": "62.240078533741837", 
                    "rate_1min": "60.258494800710061", 
                    "rate_15min": "6.2956109829444218", 
                    "unit": "events per second", 
                    "rate_5min": "17.625286563159857"
                }
            }, 
            {
                "app:alexnet:prediction_throughput": {
                    "rate": "0", 
                    "rate_1min": "0", 
                    "rate_15min": "0", 
                    "unit": "events per second", 
                    "rate_5min": "0"
                }
            }, 
            {
                "model:alexnet:1:prediction_throughput": {
                    "rate": "78.278895001622246", 
                    "rate_1min": "60.140838736451258", 
                    "rate_15min": "6.2748795793861971", 
                    "unit": "events per second", 
                    "rate_5min": "17.571156846920214"
                }
            }
        ], 
        "ratio_counters": [
            {
                "app:alexnet:default_prediction_ratio": {
                    "ratio": "0"
                }
            }, 
            {
                "model:alexnet:1:cache_hit_ratio": {
                    "ratio": "0"
                }
            }
        ], 
        "counters": [
            {
                "internal:aggregate_num_predictions": {
                    "count": "12600"
                }
            }, 
            {
                "app:alexnet:num_predictions": {
                    "count": "6009"
                }
            }, 
            {
                "model:alexnet:1:num_predictions": {
                    "count": "6009"
                }
            }
        ]
    }
}