{
    "client_metrics": {
        "thrus": [
            67.49366656306388, 
            96.2496793682556, 
            96.37332713974084, 
            94.60227783364569, 
            95.27924679849822, 
            96.17169340079458, 
            96.56918651082974, 
            96.50213535099998, 
            96.50856151576347, 
            96.47504311228491, 
            96.32394126744005, 
            96.03440336466134, 
            96.47792850310152, 
            96.20953667411328, 
            95.48016017751671, 
            96.57921258002192, 
            95.98706862211523, 
            96.40105925483908, 
            96.239999461056, 
            96.41597709156383, 
            96.3515057090676, 
            96.6917871929794, 
            96.77848614253053, 
            96.7365443094486
        ], 
        "p99_lats": [
            0.5291679699999967, 
            0.52401311, 
            0.52487922, 
            0.52570413, 
            0.52552946, 
            0.5256959, 
            0.52482049, 
            0.5255341400000001, 
            0.5594211199999999, 
            0.5243184500000001, 
            0.52563269, 
            0.52538204, 
            0.5252523400000001, 
            0.52675001, 
            0.52583908, 
            0.52482353, 
            0.52940289, 
            0.52556779, 
            0.5661035699999999, 
            0.52539727, 
            0.5311617000000001, 
            0.52454584, 
            0.52477745, 
            0.5298772800000001
        ], 
        "mean_lats": [
            0.52456327, 
            0.5205466, 
            0.520113415, 
            0.521197935, 
            0.5214613699999999, 
            0.520776515, 
            0.521176765, 
            0.521031905, 
            0.520351535, 
            0.52115887, 
            0.5216854200000001, 
            0.5208671300000001, 
            0.52166375, 
            0.521921315, 
            0.5213967350000001, 
            0.520766615, 
            0.52177884, 
            0.520782165, 
            0.520689155, 
            0.5200640599999999, 
            0.52131375, 
            0.5202137600000001, 
            0.520671495, 
            0.52141509
        ]
    }, 
    "node_configs": [
        {
            "model_image": "model-comp/pytorch-alexnet", 
            "name": "alexnet", 
            "cpus_per_replica": 1, 
            "input_type": "floats", 
            "batch_size": 1, 
            "num_replicas": 2, 
            "slo": 500000, 
            "allocated_cpus": [
                16, 
                17, 
                18, 
                19, 
                20, 
                21, 
                22, 
                23, 
                24, 
                25, 
                26, 
                27, 
                28, 
                29, 
                30, 
                31
            ], 
            "gpus": [
                0, 
                1
            ]
        }
    ], 
    "clipper_metrics": {
        "histograms": [
            {
                "internal:rpc_request_queueing_delay": {
                    "p99": "0", 
                    "min": "0", 
                    "max": "0", 
                    "p95": "0", 
                    "std_dev": "0", 
                    "size": "0", 
                    "p50": "0", 
                    "unit": "microseconds", 
                    "mean": "0"
                }
            }, 
            {
                "app:alexnet:prediction_latency": {
                    "p99": "520774.389999999996689", 
                    "min": "449653", 
                    "max": "526077", 
                    "p95": "520155", 
                    "std_dev": "3003.43774327542188285", 
                    "size": "4096", 
                    "p50": "516903.5", 
                    "unit": "microseconds", 
                    "mean": "516734.358154296875"
                }
            }, 
            {
                "model:alexnet:1:prediction_latency": {
                    "p99": "21984.9599999999918509", 
                    "min": "20071", 
                    "max": "888124", 
                    "p95": "21216.1499999999996362", 
                    "std_dev": "13555.6633773142972137", 
                    "size": "4096", 
                    "p50": "20655", 
                    "unit": "microseconds", 
                    "mean": "20927.1171875"
                }
            }, 
            {
                "model:alexnet:1:batch_size": {
                    "p99": "1", 
                    "min": "1", 
                    "max": "1", 
                    "p95": "1", 
                    "std_dev": "0", 
                    "size": "4096", 
                    "p50": "1", 
                    "unit": "queries", 
                    "mean": "1"
                }
            }
        ], 
        "meters": [
            {
                "internal:aggregate_model_throughput": {
                    "rate": "38.904020201699169", 
                    "rate_1min": "54.044360508902649", 
                    "rate_15min": "5.1461974765430929", 
                    "unit": "events per second", 
                    "rate_5min": "14.627878590401025"
                }
            }, 
            {
                "app:alexnet:prediction_throughput": {
                    "rate": "0", 
                    "rate_1min": "0", 
                    "rate_15min": "0", 
                    "unit": "events per second", 
                    "rate_5min": "0"
                }
            }, 
            {
                "model:alexnet:1:prediction_throughput": {
                    "rate": "46.028344932218104", 
                    "rate_1min": "53.75515873421778", 
                    "rate_15min": "5.1071396272108158", 
                    "unit": "events per second", 
                    "rate_5min": "14.522089231549598"
                }
            }
        ], 
        "ratio_counters": [
            {
                "app:alexnet:default_prediction_ratio": {
                    "ratio": "0"
                }
            }, 
            {
                "model:alexnet:1:cache_hit_ratio": {
                    "ratio": "0"
                }
            }
        ], 
        "counters": [
            {
                "internal:aggregate_num_predictions": {
                    "count": "10000"
                }
            }, 
            {
                "app:alexnet:num_predictions": {
                    "count": "4933"
                }
            }, 
            {
                "model:alexnet:1:num_predictions": {
                    "count": "4933"
                }
            }
        ]
    }
}