{
    "client_metrics": {
        "thrus": [
            133.85026304922945, 
            198.79095342129173, 
            191.96971485778406, 
            192.58972514557374, 
            191.75547342029446, 
            191.9684250334505, 
            190.37828164562987, 
            193.9593306075582, 
            192.53632919861568, 
            190.55640564885408, 
            192.47351564424736, 
            193.69071853445854, 
            191.72018056206605, 
            191.38462951763418, 
            193.8700237199974, 
            192.80379129375203, 
            191.19709456895092, 
            193.2544533073084, 
            192.2054907342538, 
            190.36523473937095, 
            191.68912624262478, 
            190.23558775187192, 
            193.6127164832186, 
            190.89543320855137, 
            190.9333394432002, 
            192.14030853890742, 
            191.41027260651026, 
            191.90819112136754, 
            192.5845325732664, 
            191.897327254026, 
            192.03791596612837, 
            192.3448666521126, 
            192.4285152119552, 
            192.14289282653726, 
            193.45128703141262, 
            192.27977476347183, 
            192.7565927573638, 
            190.2580279374888, 
            191.98537839358153, 
            193.37516038052362, 
            192.9360330229314, 
            187.81776417977164, 
            194.09410458566734, 
            191.6847169775154, 
            190.4858054739906, 
            193.2875113073194, 
            191.94981663993767, 
            194.56767063584715, 
            190.6521351609247
        ], 
        "p99_lats": [
            0.9175945999999998, 
            0.06408484999999996, 
            0.04178489999999999, 
            0.04113254, 
            0.04101503, 
            0.041406649999999996, 
            0.04164211999999999, 
            0.04095104, 
            0.04017678, 
            0.04107747999999998, 
            0.0405152, 
            0.04469023999999995, 
            0.04125344, 
            0.041156859999999997, 
            0.04143153, 
            0.04094492999999999, 
            0.04091533, 
            0.041219679999999995, 
            0.041405749999999984, 
            0.04102237, 
            0.04471432, 
            0.04218127, 
            0.0414103, 
            0.04032300999999999, 
            0.044610409999999996, 
            0.041201, 
            0.03978036000000001, 
            0.03953745, 
            0.039881299999999995, 
            0.04044718, 
            0.040288309999999994, 
            0.04042508, 
            0.04024431, 
            0.04032518999999999, 
            0.04037607, 
            0.03990726, 
            0.04078025999999999, 
            0.039556549999999996, 
            0.03960491, 
            0.04021389, 
            0.04015068, 
            0.05220504999999998, 
            0.04086154, 
            0.04106267, 
            0.04091194, 
            0.04070941999999999, 
            0.041261729999999996, 
            0.04071104, 
            0.04037862
        ], 
        "mean_lats": [
            0.32363368000000003, 
            0.032376395, 
            0.030853775, 
            0.03023458, 
            0.030007959999999997, 
            0.029952575000000002, 
            0.030377885, 
            0.030350885, 
            0.029871939999999996, 
            0.030240584999999997, 
            0.030010025000000003, 
            0.030737570000000002, 
            0.030248039999999997, 
            0.030102314999999998, 
            0.030221134999999996, 
            0.030036039999999996, 
            0.02993746, 
            0.029938255000000004, 
            0.02980433, 
            0.030212364999999998, 
            0.03168395, 
            0.030909210000000006, 
            0.029897555000000003, 
            0.029646365, 
            0.029859514999999996, 
            0.03052408, 
            0.029526765, 
            0.0290916, 
            0.029358865, 
            0.029766724999999997, 
            0.02943771, 
            0.02956036, 
            0.029693775000000002, 
            0.029497080000000002, 
            0.029598505, 
            0.0292443, 
            0.030026675000000003, 
            0.02907159, 
            0.029130345000000002, 
            0.0296498, 
            0.029561555, 
            0.030062955000000002, 
            0.029788405, 
            0.029829335000000002, 
            0.02959558, 
            0.029832685000000005, 
            0.03012092, 
            0.029857585000000002, 
            0.030048000000000005
        ]
    }, 
    "node_configs": [
        {
            "model_image": "model-comp/pytorch-alexnet", 
            "name": "alexnet", 
            "cpus_per_replica": 1, 
            "input_type": "floats", 
            "batch_size": 4, 
            "num_replicas": 4, 
            "slo": 500000, 
            "allocated_cpus": [
                16, 
                17, 
                18, 
                19, 
                20, 
                21, 
                22, 
                23, 
                24, 
                25, 
                26, 
                27, 
                28, 
                29, 
                30, 
                31
            ], 
            "gpus": [
                0, 
                1, 
                2, 
                3
            ]
        }
    ], 
    "clipper_metrics": {
        "histograms": [
            {
                "internal:rpc_request_queueing_delay": {
                    "p99": "0", 
                    "min": "0", 
                    "max": "0", 
                    "p95": "0", 
                    "std_dev": "0", 
                    "size": "0", 
                    "p50": "0", 
                    "unit": "microseconds", 
                    "mean": "0"
                }
            }, 
            {
                "app:alexnet:prediction_latency": {
                    "p99": "344305.779999998643689", 
                    "min": "20310", 
                    "max": "920299", 
                    "p95": "36353.749999999998181", 
                    "std_dev": "50169.0920061646960519", 
                    "size": "4096", 
                    "p50": "21952.5", 
                    "unit": "microseconds", 
                    "mean": "32042.98876953125"
                }
            }, 
            {
                "model:alexnet:1:prediction_latency": {
                    "p99": "30559.1199999999989814", 
                    "min": "20172", 
                    "max": "919857", 
                    "p95": "29441.2999999999992724", 
                    "std_dev": "14463.1549277424583693", 
                    "size": "4096", 
                    "p50": "21372", 
                    "unit": "microseconds", 
                    "mean": "23222.905029296875"
                }
            }, 
            {
                "model:alexnet:1:batch_size": {
                    "p99": "2", 
                    "min": "1", 
                    "max": "4", 
                    "p95": "2", 
                    "std_dev": "0.461982125233749648117", 
                    "size": "4096", 
                    "p50": "1", 
                    "unit": "queries", 
                    "mean": "1.232177734375"
                }
            }
        ], 
        "meters": [
            {
                "internal:aggregate_model_throughput": {
                    "rate": "77.656902319544841", 
                    "rate_1min": "106.97487563238661", 
                    "rate_15min": "10.154462287133782", 
                    "unit": "events per second", 
                    "rate_5min": "28.878171240111644"
                }
            }, 
            {
                "app:alexnet:prediction_throughput": {
                    "rate": "0", 
                    "rate_1min": "0", 
                    "rate_15min": "0",