{
    "client_metrics": {
        "thrus": [
            110.90808769502493, 
            222.78810400639847, 
            228.37463488605246, 
            192.5352170978974, 
            191.7137483680367, 
            192.35078628192662, 
            191.21244946015943, 
            191.87873264097092, 
            186.63036084047118, 
            198.13161883439167, 
            190.26164781807944, 
            192.58490346200253, 
            190.62160753107847, 
            195.13413520453958, 
            189.6207300966971, 
            189.0527135681242, 
            192.05248410285563, 
            190.98274948315293, 
            192.00344070165738, 
            193.61440336269496, 
            188.07686701554923, 
            190.0145456134667, 
            192.04307910350448, 
            191.5840939221862, 
            195.2089858600371, 
            190.59781003116274, 
            192.20290476249968, 
            190.97162543589272, 
            188.46233580218993, 
            191.43354049632975, 
            192.7866930912961, 
            193.191916850199, 
            194.46759148970926, 
            190.9326103351822, 
            186.62548464305542, 
            199.6049817411343, 
            190.72394996929347, 
            190.14696458893079, 
            188.34697279327978, 
            194.10465346496215, 
            190.80892489665314, 
            195.83440634268476, 
            193.36076478049688, 
            187.9310668846667, 
            192.2165742585486, 
            194.64871745960065, 
            190.77125000953856, 
            185.63862471481266, 
            194.98840793914803
        ], 
        "p99_lats": [
            0.5882009499999973, 
            0.41455312999999994, 
            0.23907563999999992, 
            0.11356484999999998, 
            0.10125553999999999, 
            0.10491911, 
            0.11323525, 
            0.11374306999999999, 
            0.11167105999999999, 
            0.10971533, 
            0.10919192999999996, 
            0.11164789999999998, 
            0.10114356, 
            0.10472217999999998, 
            0.10148452999999999, 
            0.10353481999999999, 
            0.11284839999999999, 
            0.10355174999999997, 
            0.10150579, 
            0.10290518999999997, 
            0.10196880999999998, 
            0.10198394, 
            0.10064655999999997, 
            0.11309415999999997, 
            0.10288248, 
            0.10625069999999998, 
            0.10679358999999998, 
            0.10681042999999997, 
            0.11136567999999998, 
            0.11081787, 
            0.10561769999999997, 
            0.10200614999999998, 
            0.10174644999999997, 
            0.10522405, 
            0.10218535999999999, 
            0.11127833999999996, 
            0.1054353, 
            0.10057388, 
            0.11927615999999998, 
            0.10743757999999998, 
            0.10268954, 
            0.10761982999999996, 
            0.10201612999999998, 
            0.10346023, 
            0.10399294999999999, 
            0.10760668999999996, 
            0.10229221999999999, 
            0.10699625999999997, 
            0.10104843999999999
        ], 
        "mean_lats": [
            0.49247507999999995, 
            0.31486597499999996, 
            0.148924525, 
            0.07633062, 
            0.071092515, 
            0.07409813999999999, 
            0.075411245, 
            0.076823705, 
            0.074789575, 
            0.07542169, 
            0.07489034500000001, 
            0.07467445, 
            0.070454655, 
            0.07348791500000001, 
            0.07197951, 
            0.07233548, 
            0.074783485, 
            0.07037936, 
            0.071519075, 
            0.071698865, 
            0.072058265, 
            0.06945100500000001, 
            0.07074044, 
            0.07569651000000001, 
            0.072499435, 
            0.074321495, 
            0.07056064999999999, 
            0.07368107, 
            0.071618935, 
            0.07494010499999999, 
            0.07304878499999999, 
            0.07132108499999999, 
            0.07247289, 
            0.07227074, 
            0.07003114, 
            0.07575986, 
            0.07379639, 
            0.07184716, 
            0.07762739, 
            0.07421579, 
            0.07012790499999999, 
            0.071583815, 
            0.07120066, 
            0.07143050000000001, 
            0.07238583999999999, 
            0.073188105, 
            0.072426855, 
            0.072265235, 
            0.07051104
        ]
    }, 
    "node_configs": [
        {
            "model_image": "model-comp/pytorch-alexnet", 
            "name": "alexnet", 
            "cpus_per_replica": 1, 
            "input_type": "floats", 
            "batch_size": 8, 
            "num_replicas": 2, 
            "slo": 500000, 
            "allocated_cpus": [
                16, 
                17, 
                18, 
                19, 
                20, 
                21, 
                22, 
                23, 
                24, 
                25, 
                26, 
                27, 
                28, 
                29, 
                30, 
                31
            ], 
            "gpus": [
                0, 
                1
            ]
        }
    ], 
    "clipper_metrics": {
        "histograms": [
            {
                "internal:rpc_request_queueing_delay": {
                    "p99": "0", 
                    "min": "0", 
                    "max": "0", 
                    "p95": "0", 
                    "std_dev": "0", 
                    "size": "0", 
                    "p50": "0", 
                    "unit": "microseconds", 
                    "mean": "0"
                }
            }, 
            {
                "app:alexnet:prediction_latency": {
                    "p99": "489747.179999999209031", 
                    "min": "21997", 
                    "max": "875543", 
                    "p95": "168566.999999999890861", 
                    "std_dev": "72425.5949402729925524", 
                    "size": "4096", 
                    "p50": "68810", 
                    "unit": "microseconds", 
                    "mean": "82760.331298828125"
                }
            }, 
            {
                "model:alexnet:1:prediction_latency": {
                    "p99": "71395.9999999999827196", 
                    "min": "21073", 
                    "max": "923176", 
                    "p95": "69280.5", 
                    "std_dev": "29632.5074264098985903", 
                    "size": "2089", 
                    "p50": "51383", 
                    "unit": "microseconds", 
                    "mean": "49818.1723312589755714"
                }
            }, 
            {
                "model:alexnet:1:batch_size": {
                    "p99": "8", 
                    "min": "1", 
                    "max": "8", 
                    "p95": "8", 
                    "std_dev": "2.01995262355162799725", 
                    "size": "2089", 
                    "p50": "5", 
                    "unit": "queries", 
                    "mean": "4.74820488271900429224"
                }
            }
        ], 
        "meters": [
            {
                "internal:aggregate_model_throughput": {
                    "rate": "78.34888171722487", 
                    "rate_1min": "108.55512724288999", 
                    "rate_15min": "10.386779295668566", 
                    "unit": "events per second", 
                    "rate_5min": "29.501788515830832"
                }
            }, 
            {
                "app:alexnet:prediction_throughput": {
                    "rate": "0", 
                    "rate_1min": "0", 
                    "rate_15min": "0", 
                    "unit": "events per second",