{
    "client_metrics": {
        "thrus": [
            99.6412913511359, 
            188.76650527130468, 
            187.32309675050624, 
            188.7458405135397, 
            187.63732706874845, 
            189.14121377591115, 
            188.57588435018164, 
            187.79377989442236, 
            188.0674936621255, 
            188.51793795309106, 
            188.06289575485624, 
            188.2407863194126, 
            188.68654353611788, 
            189.07219438134157, 
            187.2082476465583, 
            187.28625955628138, 
            187.60089410586133, 
            185.99477912654993, 
            184.4953774683175, 
            188.117554659907, 
            188.33384811251818, 
            188.87917210481282, 
            188.07686701554923, 
            186.9558999075503, 
            188.54512921940432, 
            188.5550835393298, 
            189.19739626543262, 
            188.40889629126508, 
            188.9057539748132, 
            187.51681791460672, 
            188.41226865328565, 
            188.01940360245177, 
            187.85516366881134, 
            188.35229413094254, 
            188.71912555105985, 
            189.43645496195643, 
            187.035800522578, 
            188.1094157227493, 
            187.93972021413853, 
            188.42416163024586, 
            189.0575387166207, 
            186.27992470565445, 
            185.74827764909548, 
            187.37837972041274, 
            188.08022750184318, 
            186.18645456305762, 
            186.10641192421002
        ], 
        "p99_lats": [
            0.94534599, 
            0.52484483, 
            0.52494292, 
            0.5254621799999999, 
            0.5249591399999999, 
            0.52467636, 
            0.52534582, 
            0.52534212, 
            0.5260358799999999, 
            0.52563307, 
            0.5254495600000001, 
            0.52583275, 
            0.52560659, 
            0.52556297, 
            0.5258372000000001, 
            0.52541824, 
            0.5260538400000001, 
            0.5263838500000001, 
            0.52624374, 
            0.5258224899999999, 
            0.5259402200000001, 
            0.5254739700000001, 
            0.5258128, 
            0.52716222, 
            0.5255762700000001, 
            0.5255233, 
            0.5252921199999999, 
            0.5256093799999999, 
            0.52571685, 
            0.5261095600000001, 
            0.52542951, 
            0.5261555499999999, 
            0.52589162, 
            0.52510795, 
            0.52569762, 
            0.52527303, 
            0.52574125, 
            0.5260876, 
            0.52576677, 
            0.5256214499999999, 
            0.52584459, 
            0.5258703499999999, 
            0.5265402600000001, 
            0.52573041, 
            0.52596933, 
            0.52559802, 
            0.5273285999999999
        ], 
        "mean_lats": [
            0.5299971549999999, 
            0.520995535, 
            0.51965419, 
            0.520045155, 
            0.52057098, 
            0.52060245, 
            0.52147265, 
            0.52161471, 
            0.521882425, 
            0.519973025, 
            0.52066442, 
            0.52109069, 
            0.5204237300000001, 
            0.520933475, 
            0.5201776250000001, 
            0.51937237, 
            0.519594785, 
            0.5205358750000001, 
            0.5204421549999999, 
            0.5213495349999999, 
            0.52219049, 
            0.52173024, 
            0.5212319700000001, 
            0.521927985, 
            0.521295465, 
            0.5215220150000001, 
            0.52220866, 
            0.5214542249999999, 
            0.5209519399999999, 
            0.519568825, 
            0.518909435, 
            0.52124943, 
            0.52007875, 
            0.521204145, 
            0.520658665, 
            0.5200257100000001, 
            0.5198170000000001, 
            0.5202983, 
            0.5208487900000001, 
            0.52100049, 
            0.5208634449999999, 
            0.520066205, 
            0.520349085, 
            0.5197946350000001, 
            0.519997185, 
            0.5204582500000001, 
            0.5218114349999999
        ]
    }, 
    "node_configs": [
        {
            "model_image": "model-comp/pytorch-alexnet", 
            "name": "alexnet", 
            "cpus_per_replica": 1, 
            "input_type": "floats", 
            "batch_size": 1, 
            "num_replicas": 4, 
            "slo": 500000, 
            "allocated_cpus": [
                16, 
                17, 
                18, 
                19, 
                20, 
                21, 
                22, 
                23, 
                24, 
                25, 
                26, 
                27, 
                28, 
                29, 
                30, 
                31
            ], 
            "gpus": [
                0, 
                1, 
                2, 
                3
            ]
        }
    ], 
    "clipper_metrics": {
        "histograms": [
            {
                "internal:rpc_request_queueing_delay": {
                    "p99": "0", 
                    "min": "0", 
                    "max": "0", 
                    "p95": "0", 
                    "std_dev": "0", 
                    "size": "0", 
                    "p50": "0", 
                    "unit": "microseconds", 
                    "mean": "0"
                }
            }, 
            {
                "app:alexnet:prediction_latency": {
                    "p99": "521125.059999999999491", 
                    "min": "502641", 
                    "max": "522651", 
                    "p95": "520489.149999999999636", 
                    "std_dev": "2778.90168562956365461", 
                    "size": "4096", 
                    "p50": "516424.5", 
                    "unit": "microseconds", 
                    "mean": "516249.560302734375"
                }
            }, 
            {
                "model:alexnet:1:prediction_latency": {
                    "p99": "22701.4199999999964348", 
                    "min": "20733", 
                    "max": "972023", 
                    "p95": "21713.5999999999985448", 
                    "std_dev": "24936.3278470608628687", 
                    "size": "4096", 
                    "p50": "21198", 
                    "unit": "microseconds", 
                    "mean": "21924.04931640625"
                }
            }, 
            {
                "model:alexnet:1:batch_size": {
                    "p99": "1", 
                    "min": "1", 
                    "max": "1", 
                    "p95": "1", 
                    "std_dev": "0", 
                    "size": "4096", 
                    "p50": "1", 
                    "unit": "queries", 
                    "mean": "1"
                }
            }
        ], 
        "meters": [
            {
                "internal:aggregate_model_throughput": {
                    "rate": "75.143470752275149", 
                    "rate_1min": "103.90625712757034", 
                    "rate_15min": "9.83157058219847", 
                    "unit": "events per second", 
                    "rate_5min": "27.974366819560093"
                }
            }, 
            {
                "app:alexnet:prediction_throughput": {
                    "rate": "0", 
                    "rate_1min": "0", 
                    "rate_15min": "0", 
                    "unit": "events per second", 
                    "rate_5min": "0"
                }
            }, 
            {
                "model:alexnet:1:prediction_throughput": {
                    "rate": "88.832907559188044", 
                    "rate_1min": "103.46585334168896", 
                    "rate_15min": "9.769415362578588", 
                    "unit": "events per second",