{
    "client_metrics": {
        "thrus": [
            128.39253191998836, 
            210.47956716981807, 
            192.88969988291595, 
            194.18870870334376, 
            190.84843580622012, 
            193.36693406090865, 
            191.64706276920424, 
            194.50882146132534, 
            189.43609610093154, 
            191.996067920529, 
            194.31662728516355, 
            190.84351881096853, 
            190.94281835418747, 
            193.57654936250404, 
            191.89401309868535, 
            194.5356870854566, 
            190.44698860460446, 
            191.71999677910406, 
            192.59640172142664, 
            192.62849283614636, 
            194.22699114227808, 
            190.4011180353651, 
            191.90616556128717, 
            193.34188548940148, 
            191.25816313747544, 
            193.75489231103086, 
            190.0862421280535, 
            190.0627587229303, 
            191.4500329772682, 
            193.44604789724147, 
            192.34542160192962, 
            192.40907709062083, 
            192.79152488456606, 
            193.59453753652886, 
            191.69794538142142, 
            192.1284955378157, 
            192.59936923706576, 
            192.36984256452087, 
            191.82444227043408, 
            193.17568265871554, 
            190.50086487392653, 
            195.75179455457655, 
            192.2799596212085, 
            192.34542160192962, 
            192.5155721033385, 
            192.41111328108087, 
            190.77780109506458, 
            194.42448893092777, 
            191.985009810434
        ], 
        "p99_lats": [
            0.9001811799999999, 
            0.12696235999999994, 
            0.06332556, 
            0.06175584999999999, 
            0.058472619999999954, 
            0.06237125999999999, 
            0.06396853, 
            0.06398733, 
            0.06385644, 
            0.06423461, 
            0.06368283, 
            0.061873099999999986, 
            0.06289938, 
            0.06444230000000001, 
            0.06162049999999998, 
            0.06186336999999998, 
            0.06411080999999999, 
            0.06428466, 
            0.06288309, 
            0.06433999, 
            0.06245486, 
            0.06460115000000001, 
            0.07190759999999996, 
            0.06414947, 
            0.06224482999999998, 
            0.06362146, 
            0.0659178, 
            0.06817126, 
            0.06046407999999996, 
            0.06344936, 
            0.06280366, 
            0.05663381999999999, 
            0.05902897999999997, 
            0.06228642999999998, 
            0.06292323, 
            0.0617022, 
            0.06051362999999997, 
            0.062341699999999986, 
            0.057967329999999956, 
            0.06296272, 
            0.06295893, 
            0.06290487, 
            0.06289761999999999, 
            0.06309957, 
            0.06257507999999999, 
            0.06264105, 
            0.06271065999999999, 
            0.05917368999999995, 
            0.05744657999999996
        ], 
        "mean_lats": [
            0.36960988499999997, 
            0.04975308, 
            0.04037303, 
            0.03989175, 
            0.040195635, 
            0.040626015, 
            0.04040497500000001, 
            0.041418435, 
            0.041055405, 
            0.04104389, 
            0.04112947, 
            0.04028819, 
            0.041451335, 
            0.041143574999999995, 
            0.04085004, 
            0.040781535, 
            0.040791495, 
            0.041478129999999995, 
            0.04068137, 
            0.0416752, 
            0.040679230000000004, 
            0.04111931500000001, 
            0.042280165, 
            0.041230185, 
            0.0405593, 
            0.041217594999999996, 
            0.0423991, 
            0.04281537999999999, 
            0.041002735, 
            0.040832665000000004, 
            0.040368339999999996, 
            0.040867305, 
            0.0408114, 
            0.0409607, 
            0.040794300000000006, 
            0.040516515, 
            0.041100700000000004, 
            0.041179799999999996, 
            0.040408469999999995, 
            0.040615860000000004, 
            0.04095611, 
            0.040720065, 
            0.04076788, 
            0.041061395, 
            0.040636015, 
            0.040488555, 
            0.04098549500000001, 
            0.040974325, 
            0.040740244999999994
        ]
    }, 
    "node_configs": [
        {
            "model_image": "model-comp/pytorch-alexnet", 
            "name": "alexnet", 
            "cpus_per_replica": 1, 
            "input_type": "floats", 
            "batch_size": 8, 
            "num_replicas": 3, 
            "slo": 500000, 
            "allocated_cpus": [
                16, 
                17, 
                18, 
                19, 
                20, 
                21, 
                22, 
                23, 
                24, 
                25, 
                26, 
                27, 
                28, 
                29, 
                30, 
                31
            ], 
            "gpus": [
                0, 
                1, 
                2
            ]
        }
    ], 
    "clipper_metrics": {
        "histograms": [
            {
                "internal:rpc_request_queueing_delay": {
                    "p99": "0", 
                    "min": "0", 
                    "max": "0", 
                    "p95": "0", 
                    "std_dev": "0", 
                    "size": "0", 
                    "p50": "0", 
                    "unit": "microseconds", 
                    "mean": "0"
                }
            }, 
            {
                "app:alexnet:prediction_latency": {
                    "p99": "338122.439999998638086", 
                    "min": "20642", 
                    "max": "968416", 
                    "p95": "54395.7499999999909051", 
                    "std_dev": "49606.6255093597079515", 
                    "size": "4096", 
                    "p50": "36852", 
                    "unit": "microseconds", 
                    "mean": "42772.32763671875"
                }
            }, 
            {
                "model:alexnet:1:prediction_latency": {
                    "p99": "43950.9499999999834472", 
                    "min": "20391", 
                    "max": "968275", 
                    "p95": "38120.0999999999949068", 
                    "std_dev": "25382.9644244753628914", 
                    "size": "4096", 
                    "p50": "23988", 
                    "unit": "microseconds", 
                    "mean": "28419.06201171875"
                }
            }, 
            {
                "model:alexnet:1:batch_size": {
                    "p99": "4", 
                    "min": "1", 
                    "max": "8", 
                    "p95": "3", 
                    "std_dev": "1.01824048061215347027", 
                    "size": "4096", 
                    "p50": "1", 
                    "unit": "queries", 
                    "mean": "1.824462890625"
                }
            }
        ], 
        "meters": [
            {
                "internal:aggregate_model_throughput": {
                    "rate": "78.170443881999219", 
                    "rate_1min": "108.23206752236483", 
                    "rate_15min": "10.322435215598979", 
                    "unit": "events per second", 
                    "rate_5min": "29.333841490746394"
                }
            }, 
            {
                "app:alexnet:prediction_throughput": {
                    "rate": "0", 
                    "rate_1min": "0", 
                    "rate_15min": "0", 
                    "unit": "events per second",