{
    "client_metrics": {
        "thrus": [
            99.19877152241348, 
            186.99907622456345, 
            187.1951059711495, 
            184.60061656605933, 
            186.01640292641005, 
            185.8045336306206, 
            180.16200167190337, 
            185.39255018576333, 
            182.4023668531123, 
            185.24436046700103, 
            186.26170887667425, 
            186.24731221847554, 
            185.68895243577484, 
            184.73856260466593, 
            181.8856448573653, 
            185.78951719807114, 
            186.87763906265914, 
            185.43380384070494, 
            185.61657184753454, 
            185.4226291630857, 
            183.89046013070933, 
            184.2752408707742, 
            184.1444281578928, 
            184.3622127521499, 
            184.65157632434418, 
            183.9789307328525, 
            185.2869214300074, 
            185.26409396594846, 
            182.65006986365174, 
            184.23585874636711, 
            183.70803649176437, 
            183.6233664406263, 
            184.43582924193188, 
            184.46168546331242, 
            183.5620210178514, 
            184.21549528638602, 
            182.543543480503, 
            183.91261208324255, 
            184.47121326716967, 
            184.60385397465942, 
            183.7252499122712, 
            183.38092068225035, 
            183.36377171943877, 
            184.3702006132153, 
            183.02045985720744, 
            182.82805752502003, 
            181.96011070453133
        ], 
        "p99_lats": [
            0.5539478999999967, 
            0.54684015, 
            0.54686872, 
            0.54757132, 
            0.54663249, 
            0.5468178, 
            0.54863464, 
            0.5477862, 
            0.54751702, 
            0.54831051, 
            0.54750902, 
            0.54673334, 
            0.54736318, 
            0.5462415, 
            0.54738092, 
            0.54727431, 
            0.5462356500000001, 
            0.54664131, 
            0.5464323200000001, 
            0.5470123100000001, 
            0.54732917, 
            0.54709057, 
            0.54764747, 
            0.5466171, 
            0.5462864799999999, 
            0.5486859500000001, 
            0.54612385, 
            0.54625016, 
            0.54764295, 
            0.54738758, 
            0.54691564, 
            0.5469103999999999, 
            0.54653239, 
            0.5465509, 
            0.54649723, 
            0.5464556400000001, 
            0.5469384700000001, 
            0.54662507, 
            0.54647256, 
            0.5463769500000001, 
            0.54617231, 
            0.54788924, 
            0.5466610999999999, 
            0.5474126899999999, 
            0.5462814500000001, 
            0.54659845, 
            0.5480211100000001
        ], 
        "mean_lats": [
            0.53436792, 
            0.52993381, 
            0.529835155, 
            0.53143989, 
            0.53407715, 
            0.53151231, 
            0.530209025, 
            0.529846285, 
            0.529817165, 
            0.53237145, 
            0.5316215200000001, 
            0.5304746, 
            0.529638215, 
            0.529861765, 
            0.5300116199999999, 
            0.5289658799999999, 
            0.528538005, 
            0.5296612599999999, 
            0.5306421, 
            0.530925645, 
            0.52982248, 
            0.52963925, 
            0.52931465, 
            0.52961793, 
            0.5304239799999999, 
            0.53290089, 
            0.5277595150000001, 
            0.52895789, 
            0.52937378, 
            0.52919968, 
            0.5299188050000001, 
            0.528514365, 
            0.529327605, 
            0.52931076, 
            0.52916002, 
            0.5292841199999999, 
            0.5299449799999999, 
            0.52967466, 
            0.52928322, 
            0.529768665, 
            0.5301897699999999, 
            0.537384285, 
            0.5350168200000001, 
            0.530735795, 
            0.52952477, 
            0.52976146, 
            0.530583035
        ]
    }, 
    "node_configs": [
        {
            "model_image": "model-comp/pytorch-alexnet", 
            "name": "alexnet", 
            "cpus_per_replica": 1, 
            "input_type": "floats", 
            "batch_size": 4, 
            "num_replicas": 2, 
            "slo": 500000, 
            "allocated_cpus": [
                16, 
                17, 
                18, 
                19, 
                20, 
                21, 
                22, 
                23, 
                24, 
                25, 
                26, 
                27, 
                28, 
                29, 
                30, 
                31
            ], 
            "gpus": [
                0, 
                1
            ]
        }
    ], 
    "clipper_metrics": {
        "histograms": [
            {
                "internal:rpc_request_queueing_delay": {
                    "p99": "0", 
                    "min": "0", 
                    "max": "0", 
                    "p95": "0", 
                    "std_dev": "0", 
                    "size": "0", 
                    "p50": "0", 
                    "unit": "microseconds", 
                    "mean": "0"
                }
            }, 
            {
                "app:alexnet:prediction_latency": {
                    "p99": "543263.239999999997963", 
                    "min": "500276", 
                    "max": "892543", 
                    "p95": "541441.449999999998909", 
                    "std_dev": "11167.8269262318176303", 
                    "size": "4096", 
                    "p50": "526254.5", 
                    "unit": "microseconds", 
                    "mean": "526135.98876953125"
                }
            }, 
            {
                "model:alexnet:1:prediction_latency": {
                    "p99": "46095.1000000000021828", 
                    "min": "41256", 
                    "max": "904093", 
                    "p95": "44579.0999999999976353", 
                    "std_dev": "24869.5216128306762613", 
                    "size": "2365", 
                    "p50": "43331", 
                    "unit": "microseconds", 
                    "mean": "44006.9374207188160959"
                }
            }, 
            {
                "model:alexnet:1:batch_size": {
                    "p99": "4", 
                    "min": "1", 
                    "max": "4", 
                    "p95": "4", 
                    "std_dev": "0.0872041128573220123137", 
                    "size": "2365", 
                    "p50": "4", 
                    "unit": "queries", 
                    "mean": "3.99746300211416479074"
                }
            }
        ], 
        "meters": [
            {
                "internal:aggregate_model_throughput": {
                    "rate": "74.686818593380664", 
                    "rate_1min": "103.79030683694405", 
                    "rate_15min": "9.9077618753571226", 
                    "unit": "events per second", 
                    "rate_5min": "28.151744210587996"
                }
            }, 
            {
                "app:alexnet:prediction_throughput": {
                    "rate": "0", 
                    "rate_1min": "0", 
                    "rate_15min": "0", 
                    "unit": "events per second", 
                    "rate_5min": "0"
                }
            }, 
            {
                "model:alexnet:1:prediction_throughput": {
                    "rate": "88.36317710691219", 
                    "rate_1min": "103.26736104335988", 
                    "rate_15min": "9.8320179520163524", 
                    "unit": "events per second",