{
    "client_metrics": {
        "thrus": [
            75.59384635853102, 
            124.89680401568205, 
            115.07764576453847, 
            126.3816675808274, 
            117.54272237173004, 
            125.86540331365848, 
            116.29691999237093, 
            125.37542102633573, 
            117.19674755586183, 
            126.80306026505644, 
            116.21191009381788, 
            126.5466371813002, 
            116.33114824659877, 
            124.81402709962155, 
            116.67345317252621, 
            125.89875977131749, 
            116.5537164026628, 
            126.50429418826621, 
            117.18356336466823, 
            126.69831168164768, 
            113.31778613307588, 
            125.51319206405189, 
            116.1722858233217, 
            127.30809577642663, 
            116.79998411520216, 
            127.70364581138428, 
            116.72275194897814, 
            126.87771082159027, 
            116.85710479511444, 
            125.57174384619972, 
            116.4975704431684
        ], 
        "p99_lats": [
            0.6402919199999999, 
            0.63377716, 
            0.63772628, 
            0.63334425, 
            0.6339736, 
            0.6334365399999999, 
            0.63704091, 
            0.6347609, 
            0.6395149299999999, 
            0.6580135599999999, 
            0.63603149, 
            0.6338458800000001, 
            0.63589473, 
            0.63530456, 
            0.63398716, 
            0.63530743, 
            0.6342421300000001, 
            0.63427728, 
            0.63465552, 
            0.63445766, 
            0.6786244899999999, 
            0.63524456, 
            0.6369336200000001, 
            0.63415854, 
            0.63315389, 
            0.6310395499999999, 
            0.63387802, 
            0.63388344, 
            0.63440713, 
            0.6340238499999999, 
            0.6356173500000001
        ], 
        "mean_lats": [
            0.59780779, 
            0.59519934, 
            0.59618629, 
            0.59313173, 
            0.5944555300000001, 
            0.5943706999999999, 
            0.59595628, 
            0.594829005, 
            0.59472326, 
            0.595308985, 
            0.5958749950000001, 
            0.59423917, 
            0.59509908, 
            0.5945934350000001, 
            0.5955355800000001, 
            0.594164905, 
            0.5964557349999999, 
            0.593298755, 
            0.594981295, 
            0.594092775, 
            0.60133594, 
            0.59530748, 
            0.596226935, 
            0.59375078, 
            0.593998315, 
            0.59212687, 
            0.594811055, 
            0.59309498, 
            0.595673705, 
            0.59424236, 
            0.5953253550000001
        ]
    }, 
    "node_configs": [
        {
            "model_image": "model-comp/pytorch-alexnet", 
            "name": "alexnet", 
            "cpus_per_replica": 1, 
            "input_type": "floats", 
            "batch_size": 16, 
            "num_replicas": 1, 
            "slo": 500000, 
            "allocated_cpus": [
                16, 
                17, 
                18, 
                19, 
                20, 
                21, 
                22, 
                23, 
                24, 
                25, 
                26, 
                27, 
                28, 
                29, 
                30, 
                31
            ], 
            "gpus": [
                0
            ]
        }
    ], 
    "clipper_metrics": {
        "histograms": [
            {
                "internal:rpc_request_queueing_delay": {
                    "p99": "0", 
                    "min": "0", 
                    "max": "0", 
                    "p95": "0", 
                    "std_dev": "0", 
                    "size": "0", 
                    "p50": "0", 
                    "unit": "microseconds", 
                    "mean": "0"
                }
            }, 
            {
                "app:alexnet:prediction_latency": {
                    "p99": "631086.369999999979882", 
                    "min": "490748", 
                    "max": "916002", 
                    "p95": "626742.649999999995998", 
                    "std_dev": "24864.2826598717023199", 
                    "size": "4096", 
                    "p50": "589065", 
                    "unit": "microseconds", 
                    "mean": "589134.394287109375"
                }
            }, 
            {
                "model:alexnet:1:prediction_latency": {
                    "p99": "138857.349999999907084", 
                    "min": "126241", 
                    "max": "915608", 
                    "p95": "135491.149999999998784", 
                    "std_dev": "39837.531351774415235", 
                    "size": "390", 
                    "p50": "130015", 
                    "unit": "microseconds", 
                    "mean": "132586.484615384615381"
                }
            }, 
            {
                "model:alexnet:1:batch_size": {
                    "p99": "16", 
                    "min": "1", 
                    "max": "16", 
                    "p95": "16", 
                    "std_dev": "0.758580112435231541598", 
                    "size": "390", 
                    "p50": "16", 
                    "unit": "queries", 
                    "mean": "15.9615384615384615259"
                }
            }
        ], 
        "meters": [
            {
                "internal:aggregate_model_throughput": {
                    "rate": "49.119485677874508", 
                    "rate_1min": "68.350022205727853", 
                    "rate_15min": "6.5214120510249662", 
                    "unit": "events per second", 
                    "rate_5min": "18.530957104689012"
                }
            }, 
            {
                "app:alexnet:prediction_throughput": {
                    "rate": "0", 
                    "rate_1min": "0", 
                    "rate_15min": "0", 
                    "unit": "events per second", 
                    "rate_5min": "0"
                }
            }, 
            {
                "model:alexnet:1:prediction_throughput": {
                    "rate": "58.027187485143642", 
                    "rate_1min": "67.911303212877016", 
                    "rate_15min": "6.4542448200714393", 
                    "unit": "events per second", 
                    "rate_5min": "18.351316195469273"
                }
            }
        ], 
        "ratio_counters": [
            {
                "app:alexnet:default_prediction_ratio": {
                    "ratio": "0"
                }
            }, 
            {
                "model:alexnet:1:cache_hit_ratio": {
                    "ratio": "0"
                }
            }
        ], 
        "counters": [
            {
                "internal:aggregate_num_predictions": {
                    "count": "10000"
                }
            }, 
            {
                "app:alexnet:num_predictions": {
                    "count": "6225"
                }
            }, 
            {
                "model:alexnet:1:num_predictions": {
                    "count": "6225"
                }
            }
        ]
    }
}