{
    "client_metrics": {
        "thrus": [
            126.80338184619384, 
            206.63163571669148, 
            193.67214984801578, 
            193.65677241940244, 
            188.57126155116833, 
            193.94071038542808, 
            192.8534304286071, 
            194.13932214314278, 
            190.39404904360308, 
            194.21492017281244, 
            192.04418552620584, 
            188.66963381110773, 
            192.16356963046945, 
            192.03515011387682, 
            193.7015988129966, 
            192.40204330969993, 
            192.20345889344622, 
            191.54996485058146, 
            191.76926322249068, 
            192.25334376628143, 
            192.66467772497694, 
            191.99993856001967, 
            193.6243378047647, 
            193.51155747777034, 
            187.98723942618776, 
            192.75937943045386, 
            189.08560094240264, 
            195.66408390075918, 
            193.74306763086133, 
            191.7409503064979, 
            192.16043090055027, 
            189.48706798132795, 
            195.70697186516574, 
            191.24664123086336, 
            192.09343424641744, 
            192.66709053426584, 
            192.25740960056598, 
            194.40256689149322, 
            189.2829865826755, 
            194.37536020183938, 
            191.6571636656349, 
            195.5841021418415, 
            191.60134657426374, 
            191.32494437227243, 
            191.98943290161307, 
            191.39268803374637, 
            193.3753473504677, 
            193.8005153155702, 
            190.1630553117771
        ], 
        "p99_lats": [
            0.9250120799999999, 
            0.13946266999999996, 
            0.061898419999999996, 
            0.058158239999999965, 
            0.06266411, 
            0.06294297, 
            0.06330762, 
            0.06212003999999999, 
            0.062057589999999996, 
            0.06294066, 
            0.06344715, 
            0.0647592, 
            0.06020979999999998, 
            0.06314894, 
            0.06336, 
            0.06313321000000001, 
            0.06289905999999999, 
            0.059015099999999966, 
            0.06210904999999998, 
            0.06796910999999996, 
            0.06398623999999999, 
            0.06162445999999999, 
            0.06218588999999998, 
            0.057277649999999986, 
            0.058140949999999955, 
            0.06324234000000001, 
            0.07677614999999996, 
            0.07765721999999996, 
            0.06330532, 
            0.06368749, 
            0.0643342, 
            0.06471216999999999, 
            0.06421144, 
            0.061843519999999985, 
            0.06270479999999999, 
            0.07172031999999995, 
            0.06237486999999999, 
            0.06285404000000001, 
            0.06301510999999999, 
            0.06318644, 
            0.05866875999999996, 
            0.06445871, 
            0.06400315000000001, 
            0.05828189999999996, 
            0.06022861999999998, 
            0.06233102, 
            0.06560293, 
            0.0626205, 
            0.063554
        ], 
        "mean_lats": [
            0.37838156999999994, 
            0.046207085, 
            0.039763730000000004, 
            0.040213070000000004, 
            0.040420605, 
            0.04047109, 
            0.040679365, 
            0.040635475000000004, 
            0.041326935, 
            0.04092292, 
            0.041244285000000006, 
            0.04168057, 
            0.04070149000000001, 
            0.04094175, 
            0.04129403500000001, 
            0.04063065, 
            0.040794415, 
            0.040607154999999985, 
            0.04092205, 
            0.04272014, 
            0.04127037000000001, 
            0.04010998000000001, 
            0.041225244999999994, 
            0.040773264999999996, 
            0.03984466, 
            0.040871445, 
            0.04200126, 
            0.042466795, 
            0.04066911, 
            0.040996645000000005, 
            0.04145806999999999, 
            0.041192185000000006, 
            0.04099931, 
            0.04076319, 
            0.04030485, 
            0.042060934999999994, 
            0.040958009999999996, 
            0.041274505, 
            0.040765199999999994, 
            0.04041929, 
            0.04062264499999999, 
            0.04123729, 
            0.04094297, 
            0.040749555, 
            0.04075774, 
            0.040547059999999996, 
            0.04169289, 
            0.040301115000000005, 
            0.040591405
        ]
    }, 
    "node_configs": [
        {
            "model_image": "model-comp/pytorch-alexnet", 
            "name": "alexnet", 
            "cpus_per_replica": 1, 
            "input_type": "floats", 
            "batch_size": 16, 
            "num_replicas": 3, 
            "slo": 500000, 
            "allocated_cpus": [
                16, 
                17, 
                18, 
                19, 
                20, 
                21, 
                22, 
                23, 
                24, 
                25, 
                26, 
                27, 
                28, 
                29, 
                30, 
                31
            ], 
            "gpus": [
                0, 
                1, 
                2
            ]
        }
    ], 
    "clipper_metrics": {
        "histograms": [
            {
                "internal:rpc_request_queueing_delay": {
                    "p99": "0", 
                    "min": "0", 
                    "max": "0", 
                    "p95": "0", 
                    "std_dev": "0", 
                    "size": "0", 
                    "p50": "0", 
                    "unit": "microseconds", 
                    "mean": "0"
                }
            }, 
            {
                "app:alexnet:prediction_latency": {
                    "p99": "391173.26999999869895", 
                    "min": "20510", 
                    "max": "935370", 
                    "p95": "54608.2999999999701686", 
                    "std_dev": "55666.814653915080978", 
                    "size": "4096", 
                    "p50": "37003.5", 
                    "unit": "microseconds", 
                    "mean": "43827.69775390625"
                }
            }, 
            {
                "model:alexnet:1:prediction_latency": {
                    "p99": "43393.1499999999987267", 
                    "min": "20381", 
                    "max": "934990", 
                    "p95": "37722.5999999999985448", 
                    "std_dev": "25759.7143958025531614", 
                    "size": "4096", 
                    "p50": "22654", 
                    "unit": "microseconds", 
                    "mean": "28236.641845703125"
                }
            }, 
            {
                "model:alexnet:1:batch_size": {
                    "p99": "4", 
                    "min": "1", 
                    "max": "16", 
                    "p95": "3", 
                    "std_dev": "1.16697275313152066926", 
                    "size": "4096", 
                    "p50": "1", 
                    "unit": "queries", 
                    "mean": "1.817138671875"
                }
            }
        ], 
        "meters": [
            {
                "internal:aggregate_model_throughput": {
                    "rate": "78.133249697002171", 
                    "rate_1min": "108.20531152385708", 
                    "rate_15min": "10.321255364739716", 
                    "unit": "events per second", 
                    "rate_5min": "29.329927681128442"
                }
            }, 
            {
                "app:alexnet:prediction_throughput": {
                    "rate": "0", 
                    "rate_1min": "0", 
                    "rate_15min": "0",