{
    "client_metrics": {
        "thrus": [
            136.56332919546446, 
            192.56691700365877, 
            192.77294238980616, 
            192.95036544799217, 
            191.89069905781668, 
            192.5982564079847, 
            191.4251121033313, 
            192.94366430889508, 
            192.879282643372, 
            190.0862421280535, 
            192.07812201378547, 
            192.38779222503217, 
            193.345062933818, 
            192.07517053874204, 
            190.48036290318743, 
            194.16420078131674, 
            192.36336670517142, 
            190.2596568667088, 
            193.2346612741314, 
            192.48963202719492, 
            189.1136715000969, 
            192.72873045730674, 
            193.95820200746738, 
            190.33679143560573, 
            192.76978372194117, 
            193.6620229741258, 
            190.7070368035975, 
            188.59010976887342, 
            190.91730035300608, 
            193.07292943763647, 
            193.83338469918027, 
            190.30238096823948, 
            193.3459974961693, 
            190.75542007681722, 
            194.57543154398525, 
            191.55400098841864, 
            191.27572299832346, 
            194.17551136120917, 
            190.3590743218934, 
            191.40990622828696, 
            192.15249221782406, 
            193.4374413642756, 
            189.3222264293828, 
            188.3347348576519, 
            193.02150066495906, 
            191.93084347847784, 
            193.18258652165093, 
            192.70180455604876, 
            193.31889885555213
        ], 
        "p99_lats": [
            0.9402358199999999, 
            0.04167004999999999, 
            0.043501029999999996, 
            0.04299106999999999, 
            0.041417779999999994, 
            0.04181521, 
            0.04420100999999997, 
            0.04104708, 
            0.0412226, 
            0.04136802999999999, 
            0.04237214999999999, 
            0.04385229, 
            0.0425175, 
            0.042641479999999995, 
            0.04280894999999999, 
            0.04102967, 
            0.04258355999999999, 
            0.041798419999999996, 
            0.04207241, 
            0.04217282, 
            0.04156753999999999, 
            0.04090588, 
            0.04106384, 
            0.041507999999999996, 
            0.041907849999999996, 
            0.041335689999999994, 
            0.04197585, 
            0.04134089, 
            0.04195593, 
            0.0410133, 
            0.041121599999999994, 
            0.041273349999999986, 
            0.041011860000000004, 
            0.04076978999999999, 
            0.04116113, 
            0.04150942999999999, 
            0.04167737, 
            0.04567894999999998, 
            0.04125108, 
            0.040891479999999994, 
            0.04221463, 
            0.04100467, 
            0.04306339, 
            0.04405798999999999, 
            0.04121484999999999, 
            0.04239704999999996, 
            0.04097264, 
            0.042068539999999995, 
            0.04078808
        ], 
        "mean_lats": [
            0.33200389999999996, 
            0.030407985000000002, 
            0.030593219999999997, 
            0.030827715, 
            0.030436715000000003, 
            0.030417160000000002, 
            0.03013074, 
            0.029907675, 
            0.02989463, 
            0.030178425000000005, 
            0.030841385, 
            0.03138661, 
            0.03060391, 
            0.031217375000000002, 
            0.030866759999999997, 
            0.030372225, 
            0.030487785, 
            0.03068734, 
            0.030620104999999998, 
            0.030386525, 
            0.02962793, 
            0.03027967, 
            0.030159404999999997, 
            0.03045668, 
            0.030626334999999994, 
            0.030172944999999996, 
            0.03024443, 
            0.029859935, 
            0.03062747, 
            0.030114804999999998, 
            0.030034710000000003, 
            0.029747299999999997, 
            0.030339735, 
            0.029733764999999995, 
            0.030071885, 
            0.030473720000000003, 
            0.030033755000000002, 
            0.0305478, 
            0.030044180000000004, 
            0.030110679999999997, 
            0.030349235000000006, 
            0.030254459999999997, 
            0.03035726, 
            0.03016013, 
            0.03039804, 
            0.030148445000000003, 
            0.02959545, 
            0.030509485, 
            0.030061220000000003
        ]
    }, 
    "node_configs": [
        {
            "model_image": "model-comp/pytorch-alexnet", 
            "name": "alexnet", 
            "cpus_per_replica": 1, 
            "input_type": "floats", 
            "batch_size": 16, 
            "num_replicas": 4, 
            "slo": 500000, 
            "allocated_cpus": [
                16, 
                17, 
                18, 
                19, 
                20, 
                21, 
                22, 
                23, 
                24, 
                25, 
                26, 
                27, 
                28, 
                29, 
                30, 
                31
            ], 
            "gpus": [
                0, 
                1, 
                2, 
                3
            ]
        }
    ], 
    "clipper_metrics": {
        "histograms": [
            {
                "internal:rpc_request_queueing_delay": {
                    "p99": "0", 
                    "min": "0", 
                    "max": "0", 
                    "p95": "0", 
                    "std_dev": "0", 
                    "size": "0", 
                    "p50": "0", 
                    "unit": "microseconds", 
                    "mean": "0"
                }
            }, 
            {
                "app:alexnet:prediction_latency": {
                    "p99": "375784.799999999449938", 
                    "min": "20343", 
                    "max": "977293", 
                    "p95": "37050.3999999999941792", 
                    "std_dev": "54336.1755657612464603", 
                    "size": "4096", 
                    "p50": "22093", 
                    "unit": "microseconds", 
                    "mean": "32601.63818359375"
                }
            }, 
            {
                "model:alexnet:1:prediction_latency": {
                    "p99": "30741.3599999999969441", 
                    "min": "20235", 
                    "max": "936550", 
                    "p95": "29989.749999999998181", 
                    "std_dev": "15168.0564134799329761", 
                    "size": "4096", 
                    "p50": "21477", 
                    "unit": "microseconds", 
                    "mean": "23517.5751953125"
                }
            }, 
            {
                "model:alexnet:1:batch_size": {
                    "p99": "2", 
                    "min": "1", 
                    "max": "16", 
                    "p95": "2", 
                    "std_dev": "0.57419378524799929872", 
                    "size": "4096", 
                    "p50": "1", 
                    "unit": "queries", 
                    "mean": "1.246337890625"
                }
            }
        ], 
        "meters": [
            {
                "internal:aggregate_model_throughput": {
                    "rate": "77.680849131694941", 
                    "rate_1min": "107.00481999001482", 
                    "rate_15min": "10.162701969149584", 
                    "unit": "events per second", 
                    "rate_5min": "28.899292944976647"
                }
            }, 
            {
                "app:alexnet:prediction_throughput": {
                    "rate": "0", 
                    "rate_1min": "0", 
                    "rate_15min": "0",