{
    "client_metrics": {
        "thrus": [
            136.67429081418925, 
            192.3691024442418, 
            194.39160772551128, 
            191.81763513792168, 
            192.42110975026625, 
            190.75141752147147, 
            193.29703859272024, 
            192.10967156930548, 
            189.8632035618337, 
            193.42359767891682, 
            191.38957443571178, 
            193.21860656537504, 
            189.7128222153715, 
            192.34523661830144, 
            194.05192053185752, 
            190.63705183612075, 
            194.02876476437632, 
            189.94326394705902, 
            193.92980322912516, 
            192.85603393494773, 
            191.57455123661376, 
            192.51297778111467, 
            192.81736050387033, 
            192.47944319546673, 
            191.66910246151042, 
            192.434254836835, 
            190.6390506937832, 
            194.12104417709665, 
            190.51792297360373, 
            194.41333831031477, 
            190.8085608168896, 
            193.83902057019685, 
            190.4903411872501, 
            192.2258115052915, 
            192.48926150532378, 
            193.16094362984182, 
            191.91905621884914, 
            192.99337550238587, 
            192.00712730456556, 
            191.21043856026188, 
            193.88938222965032, 
            192.7630951199131, 
            190.22925478640582, 
            193.9525592040187, 
            192.28180821812447, 
            189.68079567300168, 
            191.18338692840945, 
            193.39180212150805, 
            191.8649270913277
        ], 
        "p99_lats": [
            0.9076399, 
            0.0432974, 
            0.04421431999999998, 
            0.04359044, 
            0.04335704, 
            0.04303039, 
            0.04257897999999999, 
            0.04290322, 
            0.042237529999999995, 
            0.042721989999999994, 
            0.04382178999999996, 
            0.040735110000000005, 
            0.0421094, 
            0.04172843, 
            0.055886319999999955, 
            0.041961979999999996, 
            0.04113036, 
            0.04131139999999999, 
            0.04076771, 
            0.05738201999999996, 
            0.042099239999999996, 
            0.042371349999999995, 
            0.0414113, 
            0.04150429, 
            0.058694629999999956, 
            0.04124269, 
            0.04153241, 
            0.04193674, 
            0.04077756, 
            0.08136639999999995, 
            0.04091664, 
            0.04229118999999999, 
            0.04079938, 
            0.04068017999999999, 
            0.07103182999999996, 
            0.05560832999999995, 
            0.04069001999999999, 
            0.04092676, 
            0.04080838999999999, 
            0.04131715999999999, 
            0.05731688999999995, 
            0.04125103999999999, 
            0.0410677, 
            0.04120161, 
            0.041130749999999994, 
            0.059336069999999956, 
            0.04417068, 
            0.04587671999999999, 
            0.044042719999999994
        ], 
        "mean_lats": [
            0.29269808500000005, 
            0.030889889999999996, 
            0.031709985, 
            0.03174346, 
            0.031230460000000005, 
            0.03106657, 
            0.030845565000000002, 
            0.030941989999999996, 
            0.030564514999999997, 
            0.03064989, 
            0.031030825, 
            0.029847405, 
            0.03036664, 
            0.030162889999999994, 
            0.031440485000000004, 
            0.030602419999999998, 
            0.030243914999999996, 
            0.02990472, 
            0.029963595, 
            0.031068670000000003, 
            0.030123535, 
            0.03005464, 
            0.030497975, 
            0.030504669999999998, 
            0.031659495, 
            0.030085235, 
            0.030631275000000003, 
            0.0302351, 
            0.029878915, 
            0.033150335, 
            0.030142224999999998, 
            0.030358150000000004, 
            0.029835469999999996, 
            0.02973421, 
            0.03232514, 
            0.031391785, 
            0.029772835, 
            0.030028899999999997, 
            0.029995255000000002, 
            0.030060944999999995, 
            0.031646585, 
            0.030157454999999996, 
            0.02993321, 
            0.030246589999999997, 
            0.03030665, 
            0.032622635, 
            0.032159625, 
            0.03162749, 
            0.030291075000000004
        ]
    }, 
    "node_configs": [
        {
            "model_image": "model-comp/pytorch-alexnet", 
            "name": "alexnet", 
            "cpus_per_replica": 1, 
            "input_type": "floats", 
            "batch_size": 8, 
            "num_replicas": 4, 
            "slo": 500000, 
            "allocated_cpus": [
                16, 
                17, 
                18, 
                19, 
                20, 
                21, 
                22, 
                23, 
                24, 
                25, 
                26, 
                27, 
                28, 
                29, 
                30, 
                31
            ], 
            "gpus": [
                0, 
                1, 
                2, 
                3
            ]
        }
    ], 
    "clipper_metrics": {
        "histograms": [
            {
                "internal:rpc_request_queueing_delay": {
                    "p99": "0", 
                    "min": "0", 
                    "max": "0", 
                    "p95": "0", 
                    "std_dev": "0", 
                    "size": "0", 
                    "p50": "0", 
                    "unit": "microseconds", 
                    "mean": "0"
                }
            }, 
            {
                "app:alexnet:prediction_latency": {
                    "p99": "280831.359999999869615", 
                    "min": "20363", 
                    "max": "896520", 
                    "p95": "37443.9499999999952706", 
                    "std_dev": "44110.2363575997611811", 
                    "size": "4096", 
                    "p50": "22149", 
                    "unit": "microseconds", 
                    "mean": "31253.794189453125"
                }
            }, 
            {
                "model:alexnet:1:prediction_latency": {
                    "p99": "31296.0299999999997453", 
                    "min": "20249", 
                    "max": "915364", 
                    "p95": "30001.2999999999992724", 
                    "std_dev": "27915.096412446323292", 
                    "size": "4096", 
                    "p50": "21488.5", 
                    "unit": "microseconds", 
                    "mean": "24227.069091796875"
                }
            }, 
            {
                "model:alexnet:1:batch_size": {
                    "p99": "2", 
                    "min": "1", 
                    "max": "8", 
                    "p95": "2", 
                    "std_dev": "0.536379064487196323397", 
                    "size": "4096", 
                    "p50": "1", 
                    "unit": "queries", 
                    "mean": "1.254150390625"
                }
            }
        ], 
        "meters": [
            {
                "internal:aggregate_model_throughput": {
                    "rate": "77.605367725979946", 
                    "rate_1min": "106.87882889578208", 
                    "rate_15min": "10.137788458180887", 
                    "unit": "events per second", 
                    "rate_5min": "28.834230014684078"
                }
            }, 
            {
                "app:alexnet:prediction_throughput": {
                    "rate": "0", 
                    "rate_1min": "0", 
                    "rate_15min": "0",