{
    "client_metrics": {
        "thrus": [
            119.85061818948861, 
            242.1031989095672, 
            190.4337509545492, 
            192.3026998337543, 
            193.19676897723562, 
            194.06321803390674, 
            189.52908655509088, 
            191.87394649211254, 
            192.62923495373045, 
            191.94815864131414, 
            193.72636538342323, 
            192.3176780332825, 
            191.9885114074774, 
            192.81736050387033, 
            190.70194525519258, 
            193.46214042642924, 
            190.48453551298437, 
            193.13688093594132, 
            191.31359742262322, 
            194.41428322856024, 
            190.70485467813313, 
            193.5327171896727, 
            189.7704252280803, 
            196.3467719608956, 
            190.560581590895, 
            192.39075331561418, 
            192.20050356531934, 
            192.09343424641744, 
            193.41536723775778, 
            190.0936496364934, 
            192.5053805253857, 
            193.57167814062788, 
            191.58391040003676, 
            195.12080904892264, 
            191.67057195457022, 
            192.17446366509373, 
            193.44548657826851, 
            190.14569914196753, 
            194.28925590129327, 
            192.76328090814638, 
            191.82260245724754, 
            191.49824396110284, 
            192.90607210443162, 
            193.78436644623693, 
            190.96013802598776, 
            193.21860656537504, 
            191.24554397882528, 
            192.78409145677298, 
            192.01652878279762
        ], 
        "p99_lats": [
            0.89040942, 
            0.23990890999999995, 
            0.06269990999999998, 
            0.06378848, 
            0.06262367999999999, 
            0.06396052999999999, 
            0.06195349999999998, 
            0.061982119999999974, 
            0.06286504, 
            0.06255372000000001, 
            0.06374345999999999, 
            0.05977993999999997, 
            0.06269737, 
            0.06373453, 
            0.06290452999999999, 
            0.06295828999999999, 
            0.06278217999999999, 
            0.06207572, 
            0.0629047, 
            0.06274106, 
            0.059720299999999976, 
            0.06620795, 
            0.06334216999999999, 
            0.061938019999999976, 
            0.06216956999999999, 
            0.06287862999999999, 
            0.062148199999999994, 
            0.06740238999999999, 
            0.06268888, 
            0.06330213999999999, 
            0.05835891999999996, 
            0.06293525999999998, 
            0.06296095, 
            0.06312223999999998, 
            0.06222878, 
            0.06366334, 
            0.06256155999999999, 
            0.062163249999999996, 
            0.06348040999999997, 
            0.06287227999999999, 
            0.06203083999999999, 
            0.06299791999999999, 
            0.06199078999999998, 
            0.06290988, 
            0.05844648999999996, 
            0.06261897, 
            0.06266026, 
            0.06297741, 
            0.06229348
        ], 
        "mean_lats": [
            0.397269005, 
            0.10735602999999999, 
            0.040766470000000006, 
            0.04090865, 
            0.041088269999999996, 
            0.041413374999999995, 
            0.040612695, 
            0.041350485, 
            0.040934355, 
            0.04105355, 
            0.041388325000000004, 
            0.04036238, 
            0.04086379, 
            0.041351570000000004, 
            0.040597310000000005, 
            0.04134451, 
            0.04123175, 
            0.040932180000000006, 
            0.0410708, 
            0.040938235, 
            0.04068097, 
            0.041008575, 
            0.041152129999999995, 
            0.040919945, 
            0.040460329999999996, 
            0.040575155, 
            0.04068556, 
            0.042288704999999996, 
            0.040976584999999996, 
            0.040958825000000004, 
            0.04035128500000001, 
            0.040657189999999996, 
            0.040790665, 
            0.04079050499999999, 
            0.040980925, 
            0.040922735, 
            0.040706765000000006, 
            0.040419065, 
            0.04131471, 
            0.04057175, 
            0.040592165, 
            0.040348335000000006, 
            0.041109040000000006, 
            0.040938775, 
            0.04041916, 
            0.04124858, 
            0.040327909999999995, 
            0.04096576, 
            0.040906595000000004
        ]
    }, 
    "node_configs": [
        {
            "model_image": "model-comp/pytorch-alexnet", 
            "name": "alexnet", 
            "cpus_per_replica": 1, 
            "input_type": "floats", 
            "batch_size": 4, 
            "num_replicas": 3, 
            "slo": 500000, 
            "allocated_cpus": [
                16, 
                17, 
                18, 
                19, 
                20, 
                21, 
                22, 
                23, 
                24, 
                25, 
                26, 
                27, 
                28, 
                29, 
                30, 
                31
            ], 
            "gpus": [
                0, 
                1, 
                2
            ]
        }
    ], 
    "clipper_metrics": {
        "histograms": [
            {
                "internal:rpc_request_queueing_delay": {
                    "p99": "0", 
                    "min": "0", 
                    "max": "0", 
                    "p95": "0", 
                    "std_dev": "0", 
                    "size": "0", 
                    "p50": "0", 
                    "unit": "microseconds", 
                    "mean": "0"
                }
            }, 
            {
                "app:alexnet:prediction_latency": {
                    "p99": "394270.859999999449428", 
                    "min": "20538", 
                    "max": "891719", 
                    "p95": "56830.2499999998708518", 
                    "std_dev": "56141.4156169875952109", 
                    "size": "4096", 
                    "p50": "37710", 
                    "unit": "microseconds", 
                    "mean": "45235.5458984375"
                }
            }, 
            {
                "model:alexnet:1:prediction_latency": {
                    "p99": "44547.0299999999997453", 
                    "min": "20136", 
                    "max": "891331", 
                    "p95": "38556.4999999999236024", 
                    "std_dev": "20374.0268410756427286", 
                    "size": "4096", 
                    "p50": "22286", 
                    "unit": "microseconds", 
                    "mean": "27797.42138671875"
                }
            }, 
            {
                "model:alexnet:1:batch_size": {
                    "p99": "4", 
                    "min": "1", 
                    "max": "4", 
                    "p95": "3", 
                    "std_dev": "0.941257195920148044684", 
                    "size": "4096", 
                    "p50": "1", 
                    "unit": "queries", 
                    "mean": "1.79443359375"
                }
            }
        ], 
        "meters": [
            {
                "internal:aggregate_model_throughput": {
                    "rate": "78.195014109033551", 
                    "rate_1min": "108.3600213650509", 
                    "rate_15min": "10.339363721362421", 
                    "unit": "events per second", 
                    "rate_5min": "29.379892542752486"
                }
            }, 
            {
                "app:alexnet:prediction_throughput": {
                    "rate": "0", 
                    "rate_1min": "0", 
                    "rate_15min": "0",