{
    "client_metrics": {
        "thrus": [
            106.00676747203542, 
            274.3841790082384, 
            203.20701308043542, 
            194.14855665109272, 
            190.00985201082673, 
            192.48018416504019, 
            191.37712105655484, 
            186.4407253662861, 
            198.3835706662117, 
            193.64889712111867, 
            189.8439198213189, 
            196.18729608782914, 
            178.28442248772734, 
            202.2535085927403, 
            191.4599298299357, 
            187.96462505756415, 
            195.8658593075946, 
            193.2884453133834, 
            187.3394149952088, 
            194.67505326796146, 
            191.61217695384545, 
            190.1373837666406, 
            190.16197045833786, 
            196.58396051807736, 
            191.26675974982308, 
            193.16448825415037, 
            186.66711466774188, 
            195.78302933123453, 
            176.755580615569, 
            214.2050048999395, 
            186.04253118305374, 
            193.26136280182595, 
            189.18665817849197, 
            196.89264034999636, 
            191.05828137344153, 
            189.38030975043463, 
            195.9318666526902, 
            189.08309824001452, 
            196.3544826746622, 
            188.37996993455678, 
            195.01673731147977, 
            192.2189758572966, 
            192.11280864123412, 
            190.135214657904, 
            194.53757931053937, 
            189.86464549422715, 
            190.0394616942208, 
            193.64552218935626, 
            186.83888229243834
        ], 
        "p99_lats": [
            0.7651923099999989, 
            0.53334417, 
            0.17097987999999997, 
            0.11029684999999999, 
            0.11921437999999995, 
            0.10329049999999997, 
            0.10433646999999999, 
            0.10709503999999996, 
            0.11029533999999996, 
            0.09270412999999997, 
            0.10371387999999997, 
            0.11184287999999999, 
            0.13658535999999996, 
            0.14167712999999998, 
            0.10364603999999997, 
            0.10131965, 
            0.11123907, 
            0.10157796999999999, 
            0.10402291000000001, 
            0.11684789000000001, 
            0.10104364999999998, 
            0.10465853999999998, 
            0.10543300999999998, 
            0.10056140999999999, 
            0.10940169999999999, 
            0.10655716999999998, 
            0.10350457999999998, 
            0.10130819999999997, 
            0.32329312, 
            0.18629026999999998, 
            0.10644472999999996, 
            0.10374566999999998, 
            0.10348312, 
            0.10723783999999999, 
            0.10195967, 
            0.10298214, 
            0.09981050000000001, 
            0.10504925, 
            0.10280454, 
            0.09983076999999999, 
            0.10223041, 
            0.10565615999999999, 
            0.10125967, 
            0.10298241999999996, 
            0.10700863999999997, 
            0.10673129999999997, 
            0.10374014999999998, 
            0.10236651, 
            0.10110034
        ], 
        "mean_lats": [
            0.532358, 
            0.279914815, 
            0.104520055, 
            0.07441553499999999, 
            0.075288005, 
            0.0727947, 
            0.073128995, 
            0.07376701, 
            0.07468108, 
            0.071180195, 
            0.07233281, 
            0.073996205, 
            0.07761080499999999, 
            0.08170240999999999, 
            0.07324564, 
            0.07001027, 
            0.07476093500000001, 
            0.07095860500000001, 
            0.071106805, 
            0.077133335, 
            0.07141977499999999, 
            0.07305582, 
            0.073359375, 
            0.071244475, 
            0.07274559500000001, 
            0.07336935, 
            0.071743205, 
            0.07141878, 
            0.12172447000000002, 
            0.09864038000000001, 
            0.073647685, 
            0.07284809, 
            0.071660925, 
            0.073542255, 
            0.07180990999999999, 
            0.07101389, 
            0.06933828, 
            0.072116245, 
            0.073028285, 
            0.069611355, 
            0.07179068499999999, 
            0.07296486999999999, 
            0.07145278999999999, 
            0.07220027500000001, 
            0.07284199, 
            0.07144451, 
            0.07184870500000001, 
            0.071313565, 
            0.069475435
        ]
    }, 
    "node_configs": [
        {
            "model_image": "model-comp/pytorch-alexnet", 
            "name": "alexnet", 
            "cpus_per_replica": 1, 
            "input_type": "floats", 
            "batch_size": 32, 
            "num_replicas": 2, 
            "slo": 500000, 
            "allocated_cpus": [
                16, 
                17, 
                18, 
                19, 
                20, 
                21, 
                22, 
                23, 
                24, 
                25, 
                26, 
                27, 
                28, 
                29, 
                30, 
                31
            ], 
            "gpus": [
                0, 
                1
            ]
        }
    ], 
    "clipper_metrics": {
        "histograms": [
            {
                "internal:rpc_request_queueing_delay": {
                    "p99": "0", 
                    "min": "0", 
                    "max": "0", 
                    "p95": "0", 
                    "std_dev": "0", 
                    "size": "0", 
                    "p50": "0", 
                    "unit": "microseconds", 
                    "mean": "0"
                }
            }, 
            {
                "app:alexnet:prediction_latency": {
                    "p99": "539948.099999996315091", 
                    "min": "21385", 
                    "max": "915545", 
                    "p95": "141637.149999999555803", 
                    "std_dev": "80435.4719815851244391", 
                    "size": "4096", 
                    "p50": "69257", 
                    "unit": "microseconds", 
                    "mean": "84068.82177734375"
                }
            }, 
            {
                "model:alexnet:1:prediction_latency": {
                    "p99": "117518.739999999959537", 
                    "min": "21080", 
                    "max": "915116", 
                    "p95": "66498.8999999999971351", 
                    "std_dev": "34035.9484425231192013", 
                    "size": "2021", 
                    "p50": "51560", 
                    "unit": "microseconds", 
                    "mean": "51392.9010390895596352"
                }
            }, 
            {
                "model:alexnet:1:batch_size": {
                    "p99": "12", 
                    "min": "1", 
                    "max": "32", 
                    "p95": "7", 
                    "std_dev": "2.80634830502589928164", 
                    "size": "2021", 
                    "p50": "5", 
                    "unit": "queries", 
                    "mean": "4.90450272142503711312"
                }
            }
        ], 
        "meters": [
            {
                "internal:aggregate_model_throughput": {
                    "rate": "78.20065654153305", 
                    "rate_1min": "108.35948475162509", 
                    "rate_15min": "10.352356748436533", 
                    "unit": "events per second", 
                    "rate_5min": "29.4109367384638"
                }
            }, 
            {
                "app:alexnet:prediction_throughput": {
                    "rate": "0", 
                    "rate_1min": "0", 
                    "rate_15min": "0", 
                    "unit": "events per second",