{
    "client_metrics": {
        "thrus": [
            86.55048706286595, 
            141.88341723372739, 
            141.48173824463606, 
            141.13758303300432, 
            143.47871313942187, 
            142.15449350353964, 
            142.57616597006327, 
            143.10635234787438, 
            142.36983126327598, 
            142.71463210308565, 
            143.28628528156113, 
            142.7545635065089, 
            143.89855727306477, 
            142.69182418654958, 
            141.91362001776758, 
            143.21784723525107, 
            143.53586243522943, 
            142.27098639320286, 
            143.38716326420877, 
            141.14365883883934, 
            142.93320374056196, 
            139.94861087008852, 
            142.7806532214885, 
            142.38361563258195, 
            142.58389101457706, 
            142.49287001301673, 
            143.84246373371883, 
            141.89751026628488, 
            141.6583088264459, 
            142.96518368881627, 
            142.01096040592412, 
            140.8339623916987, 
            143.0275499666746, 
            141.67928202607038, 
            142.2648131458378, 
            144.18903759584967
        ], 
        "p99_lats": [
            0.8976565299999999, 
            0.52532013, 
            0.52523414, 
            0.52478988, 
            0.5246710299999999, 
            0.52623141, 
            0.5260774799999999, 
            0.52583073, 
            0.5256622700000001, 
            0.5256351399999999, 
            0.5255335499999999, 
            0.52556117, 
            0.5254622899999999, 
            0.52555382, 
            0.52631819, 
            0.5255811300000001, 
            0.52550562, 
            0.5256242, 
            0.52677107, 
            0.52574006, 
            0.52541503, 
            0.5669642, 
            0.52526522, 
            0.52586815, 
            0.52565662, 
            0.52593625, 
            0.52610299, 
            0.5258802199999999, 
            0.52602413, 
            0.52579617, 
            0.52581797, 
            0.5261066099999999, 
            0.52565422, 
            0.52611122, 
            0.52609766, 
            0.52588672
        ], 
        "mean_lats": [
            0.5251105, 
            0.5197609599999999, 
            0.5211767949999999, 
            0.5198977450000001, 
            0.5207127149999999, 
            0.520408015, 
            0.522200615, 
            0.522288695, 
            0.521538505, 
            0.52099433, 
            0.52175291, 
            0.5227493400000001, 
            0.521410375, 
            0.5223439500000001, 
            0.5207323599999999, 
            0.52175713, 
            0.5221071700000001, 
            0.522090185, 
            0.521193115, 
            0.522635345, 
            0.5216658200000001, 
            0.516986395, 
            0.5217249350000001, 
            0.520667135, 
            0.52043471, 
            0.5207985749999999, 
            0.520459045, 
            0.520585555, 
            0.5205139950000001, 
            0.520349575, 
            0.5204619, 
            0.521228315, 
            0.520344735, 
            0.520600555, 
            0.520912925, 
            0.522540725
        ]
    }, 
    "node_configs": [
        {
            "model_image": "model-comp/pytorch-alexnet", 
            "name": "alexnet", 
            "cpus_per_replica": 1, 
            "input_type": "floats", 
            "batch_size": 1, 
            "num_replicas": 3, 
            "slo": 500000, 
            "allocated_cpus": [
                16, 
                17, 
                18, 
                19, 
                20, 
                21, 
                22, 
                23, 
                24, 
                25, 
                26, 
                27, 
                28, 
                29, 
                30, 
                31
            ], 
            "gpus": [
                0, 
                1, 
                2
            ]
        }
    ], 
    "clipper_metrics": {
        "histograms": [
            {
                "internal:rpc_request_queueing_delay": {
                    "p99": "0", 
                    "min": "0", 
                    "max": "0", 
                    "p95": "0", 
                    "std_dev": "0", 
                    "size": "0", 
                    "p50": "0", 
                    "unit": "microseconds", 
                    "mean": "0"
                }
            }, 
            {
                "app:alexnet:prediction_latency": {
                    "p99": "520992.119999999998981", 
                    "min": "460708", 
                    "max": "899861", 
                    "p95": "520556.149999999999636", 
                    "std_dev": "6747.29443345415736699", 
                    "size": "4096", 
                    "p50": "517100.5", 
                    "unit": "microseconds", 
                    "mean": "516952.2958984375"
                }
            }, 
            {
                "model:alexnet:1:prediction_latency": {
                    "p99": "22259.2699999999977081", 
                    "min": "20355", 
                    "max": "899176", 
                    "p95": "21407", 
                    "std_dev": "19346.7190652267322175", 
                    "size": "4096", 
                    "p50": "20967.5", 
                    "unit": "microseconds", 
                    "mean": "21441.114013671875"
                }
            }, 
            {
                "model:alexnet:1:batch_size": {
                    "p99": "1", 
                    "min": "1", 
                    "max": "1", 
                    "p95": "1", 
                    "std_dev": "0", 
                    "size": "4096", 
                    "p50": "1", 
                    "unit": "queries", 
                    "mean": "1"
                }
            }
        ], 
        "meters": [
            {
                "internal:aggregate_model_throughput": {
                    "rate": "57.375879059204685", 
                    "rate_1min": "79.592952515001414", 
                    "rate_15min": "7.5678135227324237", 
                    "unit": "events per second", 
                    "rate_5min": "21.516493018666367"
                }
            }, 
            {
                "app:alexnet:prediction_throughput": {
                    "rate": "0", 
                    "rate_1min": "0", 
                    "rate_15min": "0", 
                    "unit": "events per second", 
                    "rate_5min": "0"
                }
            }, 
            {
                "model:alexnet:1:prediction_throughput": {
                    "rate": "67.968914890542777", 
                    "rate_1min": "79.361019531885461", 
                    "rate_15min": "7.5361635000619387", 
                    "unit": "events per second", 
                    "rate_5min": "21.430872846166263"
                }
            }
        ], 
        "ratio_counters": [
            {
                "app:alexnet:default_prediction_ratio": {
                    "ratio": "0"
                }
            }, 
            {
                "model:alexnet:1:cache_hit_ratio": {
                    "ratio": "0"
                }
            }
        ], 
        "counters": [
            {
                "internal:aggregate_num_predictions": {
                    "count": "10000"
                }
            }, 
            {
                "app:alexnet:num_predictions": {
                    "count": "7288"
                }
            }, 
            {
                "model:alexnet:1:num_predictions": {
                    "count": "7288"
                }
            }
        ]
    }
}