{
    "client_metrics": {
        "thrus": [
            84.11939402070935, 
            135.79945137021645, 
            135.3487667020378, 
            136.00973285648323, 
            137.97471061529131, 
            136.84654917478107, 
            137.17797470438148, 
            135.84704709273734, 
            136.79516292303904, 
            137.11712613472992, 
            135.6339565035465, 
            136.871085914665, 
            137.02252787380775, 
            137.25922158922845, 
            137.49692350633654, 
            136.97166604116273, 
            137.1431706129614, 
            137.34150789988354, 
            137.36358079382416, 
            137.2913514686056, 
            137.22607103233116, 
            137.55697437932574, 
            137.1659323717087, 
            136.85066923398523, 
            137.87170210888556, 
            137.38934147227792, 
            137.90963471185503, 
            136.85619424820788, 
            137.7566061180464, 
            136.07321283143182, 
            136.92084195364134, 
            136.56015884677677, 
            136.29976133911788, 
            135.43840735268026, 
            138.50098993582557
        ], 
        "p99_lats": [
            0.5393642599999966, 
            0.53371666, 
            0.5338065799999999, 
            0.53370055, 
            0.5328896, 
            0.5329746700000001, 
            0.5332912599999999, 
            0.53326497, 
            0.5329744099999999, 
            0.5327337799999999, 
            0.5331705400000001, 
            0.53331565, 
            0.53240337, 
            0.5329165599999999, 
            0.53378512, 
            0.53321771, 
            0.5340801, 
            0.5329612400000001, 
            0.53294706, 
            0.56147464, 
            0.5330765999999999, 
            0.5334510299999999, 
            0.53334551, 
            0.5333787, 
            0.5333533699999999, 
            0.53350467, 
            0.5333679, 
            0.5338109400000001, 
            0.53315742, 
            0.5333294000000001, 
            0.5340071599999999, 
            0.53344267, 
            0.5331379800000001, 
            0.5350409199999999, 
            0.53356176
        ], 
        "mean_lats": [
            0.5287276249999999, 
            0.52467014, 
            0.5246582449999999, 
            0.5243951, 
            0.52675863, 
            0.5245913600000001, 
            0.52469644, 
            0.524459005, 
            0.523979785, 
            0.52378006, 
            0.523763925, 
            0.523815525, 
            0.524227825, 
            0.52472139, 
            0.524742135, 
            0.52498838, 
            0.5251074250000001, 
            0.524926345, 
            0.52480969, 
            0.526094935, 
            0.522078, 
            0.5249204199999999, 
            0.525058515, 
            0.525292345, 
            0.525062315, 
            0.524778345, 
            0.524863665, 
            0.525040055, 
            0.5250826700000001, 
            0.5240503099999999, 
            0.52385548, 
            0.52386217, 
            0.52391674, 
            0.525076895, 
            0.5254684749999999
        ]
    }, 
    "node_configs": [
        {
            "model_image": "model-comp/pytorch-alexnet", 
            "name": "alexnet", 
            "cpus_per_replica": 1, 
            "input_type": "floats", 
            "batch_size": 2, 
            "num_replicas": 2, 
            "slo": 500000, 
            "allocated_cpus": [
                16, 
                17, 
                18, 
                19, 
                20, 
                21, 
                22, 
                23, 
                24, 
                25, 
                26, 
                27, 
                28, 
                29, 
                30, 
                31
            ], 
            "gpus": [
                0, 
                1
            ]
        }
    ], 
    "clipper_metrics": {
        "histograms": [
            {
                "internal:rpc_request_queueing_delay": {
                    "p99": "0", 
                    "min": "0", 
                    "max": "0", 
                    "p95": "0", 
                    "std_dev": "0", 
                    "size": "0", 
                    "p50": "0", 
                    "unit": "microseconds", 
                    "mean": "0"
                }
            }, 
            {
                "app:alexnet:prediction_latency": {
                    "p99": "529114.479999999995925", 
                    "min": "473730", 
                    "max": "916397", 
                    "p95": "528100.149999999999636", 
                    "std_dev": "9893.22621086701957527", 
                    "size": "4096", 
                    "p50": "520301", 
                    "unit": "microseconds", 
                    "mean": "520495.27685546875"
                }
            }, 
            {
                "model:alexnet:1:prediction_latency": {
                    "p99": "30483.8200000000001637", 
                    "min": "27333", 
                    "max": "916277", 
                    "p95": "29803", 
                    "std_dev": "20965.8534043744751596", 
                    "size": "3505", 
                    "p50": "29106", 
                    "unit": "microseconds", 
                    "mean": "29635.8690442225392445"
                }
            }, 
            {
                "model:alexnet:1:batch_size": {
                    "p99": "2", 
                    "min": "1", 
                    "max": "2", 
                    "p95": "2", 
                    "std_dev": "0.0238806995239276215071", 
                    "size": "3505", 
                    "p50": "2", 
                    "unit": "queries", 
                    "mean": "1.99942938659058486465"
                }
            }
        ], 
        "meters": [
            {
                "internal:aggregate_model_throughput": {
                    "rate": "55.374505015296101", 
                    "rate_1min": "77.030725541680255", 
                    "rate_15min": "7.3445098358387746", 
                    "unit": "events per second", 
                    "rate_5min": "20.872479832113026"
                }
            }, 
            {
                "app:alexnet:prediction_throughput": {
                    "rate": "0", 
                    "rate_1min": "0", 
                    "rate_15min": "0", 
                    "unit": "events per second", 
                    "rate_5min": "0"
                }
            }, 
            {
                "model:alexnet:1:prediction_throughput": {
                    "rate": "65.540502885133535", 
                    "rate_1min": "76.622722165957583", 
                    "rate_15min": "7.2895949516485663", 
                    "unit": "events per second", 
                    "rate_5min": "20.723624553189811"
                }
            }
        ], 
        "ratio_counters": [
            {
                "app:alexnet:default_prediction_ratio": {
                    "ratio": "0"
                }
            }, 
            {
                "model:alexnet:1:cache_hit_ratio": {
                    "ratio": "0"
                }
            }
        ], 
        "counters": [
            {
                "internal:aggregate_num_predictions": {
                    "count": "10000"
                }
            }, 
            {
                "app:alexnet:num_predictions": {
                    "count": "7008"
                }
            }, 
            {
                "model:alexnet:1:num_predictions": {
                    "count": "7008"
                }
            }
        ]
    }
}