{
    "client_metrics": {
        "thrus": [
            119.11029374980644, 
            240.04906602909634, 
            192.4462906458594, 
            193.2813470936767, 
            192.19440848807386, 
            191.76282773465775, 
            189.76016213108252, 
            192.01431658744474, 
            193.8151642922694, 
            192.79189657100332, 
            191.3888418391319, 
            192.45258689955995, 
            192.26184525228598, 
            189.9181927384779, 
            193.71379368124977, 
            190.43465758420305, 
            192.1495384568086, 
            193.68752971893034, 
            192.24096251205108, 
            193.02448129496264, 
            190.31904132492505, 
            193.7083527041686, 
            191.99533067355802, 
            193.03379635706622, 
            191.7492226965885, 
            191.37474044800828, 
            192.19662483507125, 
            191.44636773592654, 
            194.14007594759772, 
            190.25893289472307, 
            192.70997437920892, 
            191.37986798616706, 
            194.2784982272087, 
            192.2745988911524, 
            192.5893542382658, 
            190.6948539086724, 
            194.5476087180674, 
            192.4349954585341, 
            192.1316332245548, 
            191.32256506162977, 
            194.02744712266997, 
            192.3391323581739, 
            190.6065290360456, 
            194.28642481892504, 
            192.49722803991625, 
            190.30980533210013, 
            193.80896637802053, 
            191.0518935153166, 
            192.28827858725802
        ], 
        "p99_lats": [
            0.9129367399999998, 
            0.24925923, 
            0.04268792, 
            0.043231639999999995, 
            0.04225564, 
            0.042396899999999994, 
            0.043084449999999996, 
            0.042590539999999996, 
            0.04188703, 
            0.04233668999999999, 
            0.04144336, 
            0.04625958999999999, 
            0.04281934, 
            0.05173904, 
            0.041922249999999994, 
            0.049549249999999996, 
            0.04188948, 
            0.04225061, 
            0.0411007, 
            0.044212029999999986, 
            0.04170914999999999, 
            0.04197388, 
            0.041327619999999995, 
            0.04802633999999999, 
            0.041310059999999996, 
            0.04326302, 
            0.04157307, 
            0.047978649999999984, 
            0.04125909, 
            0.04164574, 
            0.041178889999999996, 
            0.049213279999999984, 
            0.04127728, 
            0.04200706, 
            0.040906599999999994, 
            0.048323309999999994, 
            0.043412539999999986, 
            0.04097295, 
            0.040272180000000005, 
            0.04105336999999999, 
            0.04896050999999997, 
            0.04345866999999999, 
            0.04195474, 
            0.04115226999999999, 
            0.04812847999999994, 
            0.043776889999999985, 
            0.04014798, 
            0.04102012, 
            0.048591519999999985
        ], 
        "mean_lats": [
            0.40212382500000005, 
            0.11087425000000001, 
            0.031115175000000002, 
            0.03089401, 
            0.030782965000000006, 
            0.03076147, 
            0.030729255, 
            0.030968764999999995, 
            0.030777095, 
            0.030466829999999997, 
            0.030219714999999998, 
            0.03130482, 
            0.031218915000000003, 
            0.03379769, 
            0.030327875, 
            0.031691054999999996, 
            0.030512289999999997, 
            0.030550915, 
            0.029920045000000003, 
            0.03107809, 
            0.0300189, 
            0.030502595, 
            0.03008668, 
            0.031252295000000006, 
            0.030329889999999998, 
            0.030762460000000002, 
            0.029839960000000002, 
            0.0313218, 
            0.030469470000000002, 
            0.030415505, 
            0.02996511, 
            0.031522299999999996, 
            0.03039548, 
            0.030470515000000004, 
            0.03017944, 
            0.030705545, 
            0.031069120000000002, 
            0.029921625, 
            0.029862215, 
            0.029952245, 
            0.031963494999999995, 
            0.030606409999999994, 
            0.030223855, 
            0.03005874, 
            0.03078681, 
            0.030546065, 
            0.029651269999999997, 
            0.030058759999999997, 
            0.031505464999999996
        ]
    }, 
    "node_configs": [
        {
            "model_image": "model-comp/pytorch-alexnet", 
            "name": "alexnet", 
            "cpus_per_replica": 1, 
            "input_type": "floats", 
            "batch_size": 2, 
            "num_replicas": 4, 
            "slo": 500000, 
            "allocated_cpus": [
                16, 
                17, 
                18, 
                19, 
                20, 
                21, 
                22, 
                23, 
                24, 
                25, 
                26, 
                27, 
                28, 
                29, 
                30, 
                31
            ], 
            "gpus": [
                0, 
                1, 
                2, 
                3
            ]
        }
    ], 
    "clipper_metrics": {
        "histograms": [
            {
                "internal:rpc_request_queueing_delay": {
                    "p99": "0", 
                    "min": "0", 
                    "max": "0", 
                    "p95": "0", 
                    "std_dev": "0", 
                    "size": "0", 
                    "p50": "0", 
                    "unit": "microseconds", 
                    "mean": "0"
                }
            }, 
            {
                "app:alexnet:prediction_latency": {
                    "p99": "369506.839999999585416", 
                    "min": "20409", 
                    "max": "923572", 
                    "p95": "38297.4499999999916326", 
                    "std_dev": "52787.9803135637101583", 
                    "size": "4096", 
                    "p50": "22066.5", 
                    "unit": "microseconds", 
                    "mean": "34581.91015625"
                }
            }, 
            {
                "model:alexnet:1:prediction_latency": {
                    "p99": "30851.5699999999951615", 
                    "min": "20206", 
                    "max": "928951", 
                    "p95": "30008.2999999999992724", 
                    "std_dev": "20261.312603924603593", 
                    "size": "4096", 
                    "p50": "21470.5", 
                    "unit": "microseconds", 
                    "mean": "23811.62744140625"
                }
            }, 
            {
                "model:alexnet:1:batch_size": {
                    "p99": "2", 
                    "min": "1", 
                    "max": "2", 
                    "p95": "2", 
                    "std_dev": "0.436479672962573803373", 
                    "size": "4096", 
                    "p50": "1", 
                    "unit": "queries", 
                    "mean": "1.256103515625"
                }
            }
        ], 
        "meters": [
            {
                "internal:aggregate_model_throughput": {
                    "rate": "77.577646132648368", 
                    "rate_1min": "106.8553132655657", 
                    "rate_15min": "10.130602423880207", 
                    "unit": "events per second", 
                    "rate_5min": "28.815944278808928"
                }
            }, 
            {
                "app:alexnet:prediction_throughput": {
                    "rate": "0", 
                    "rate_1min": "0",