{
    "client_metrics": {
        "thrus": [
            76.98940625769895, 
            140.16910000224271, 
            136.03082458485093, 
            138.9568233358531, 
            120.91642558954315, 
            137.14157193041163, 
            138.25541027984278, 
            138.04041961526752, 
            119.81278054911395, 
            140.32704621390613, 
            139.07915690215086, 
            137.422570970169, 
            119.34933131553397, 
            140.55831166978354, 
            141.52869388121923, 
            140.35038473549216, 
            121.25606735047005, 
            139.6074796103276, 
            141.02621959474703, 
            138.31976070681398, 
            120.16067885977128, 
            138.49715353725193, 
            141.8797937635318, 
            140.76378429357695, 
            123.76589927683585, 
            139.43082941126028, 
            140.53006535350687, 
            142.40581813210562, 
            118.9920186103517, 
            139.03178266551734, 
            141.72737322486466, 
            140.9726407347494, 
            122.60476270461201, 
            140.63926170013178
        ], 
        "p99_lats": [
            0.75345922, 
            0.73654251, 
            0.74712921, 
            0.7399947899999999, 
            0.73875319, 
            0.7419239999999999, 
            0.7435033199999999, 
            0.74171433, 
            0.73519457, 
            0.7372431, 
            0.7409442700000001, 
            0.74461084, 
            0.7393961099999999, 
            0.73837182, 
            0.73764171, 
            0.7391816600000001, 
            0.73677624, 
            0.7360236099999999, 
            0.74131337, 
            0.7390416000000001, 
            0.77260577, 
            0.73937208, 
            0.7320412199999999, 
            0.73818054, 
            0.73193966, 
            0.73666987, 
            0.73540778, 
            0.7323803199999999, 
            0.74222535, 
            0.73849125, 
            0.7977308999999999, 
            0.73437502, 
            0.7317121, 
            0.7385771799999999
        ], 
        "mean_lats": [
            0.6685783449999999, 
            0.6591125999999999, 
            0.664678005, 
            0.6572533899999999, 
            0.65992798, 
            0.66085398, 
            0.66008016, 
            0.658464245, 
            0.6590451999999999, 
            0.65926451, 
            0.656336485, 
            0.660750845, 
            0.661729635, 
            0.6576495299999999, 
            0.6559033750000001, 
            0.6557902250000001, 
            0.6570465, 
            0.65721544, 
            0.657913785, 
            0.656978965, 
            0.65942937, 
            0.662307405, 
            0.6534755250000001, 
            0.65557344, 
            0.6549956499999999, 
            0.658500605, 
            0.6564653800000001, 
            0.651289335, 
            0.6624133449999999, 
            0.66013158, 
            0.66693771, 
            0.640708295, 
            0.6539052650000001, 
            0.6590931649999999
        ]
    }, 
    "node_configs": [
        {
            "model_image": "model-comp/pytorch-alexnet", 
            "name": "alexnet", 
            "cpus_per_replica": 1, 
            "input_type": "floats", 
            "batch_size": 32, 
            "num_replicas": 1, 
            "slo": 500000, 
            "allocated_cpus": [
                16, 
                17, 
                18, 
                19, 
                20, 
                21, 
                22, 
                23, 
                24, 
                25, 
                26, 
                27, 
                28, 
                29, 
                30, 
                31
            ], 
            "gpus": [
                0
            ]
        }
    ], 
    "clipper_metrics": {
        "histograms": [
            {
                "internal:rpc_request_queueing_delay": {
                    "p99": "0", 
                    "min": "0", 
                    "max": "0", 
                    "p95": "0", 
                    "std_dev": "0", 
                    "size": "0", 
                    "p50": "0", 
                    "unit": "microseconds", 
                    "mean": "0"
                }
            }, 
            {
                "app:alexnet:prediction_latency": {
                    "p99": "735117.059999999923093", 
                    "min": "497576", 
                    "max": "752849", 
                    "p95": "725944.249999999958163", 
                    "std_dev": "48987.479308268807241", 
                    "size": "4096", 
                    "p50": "649745", 
                    "unit": "microseconds", 
                    "mean": "649941.9013671875"
                }
            }, 
            {
                "model:alexnet:1:prediction_latency": {
                    "p99": "256734.01999999998452", 
                    "min": "223072", 
                    "max": "892258", 
                    "p95": "245200.699999999998255", 
                    "std_dev": "44873.0325500433819492", 
                    "size": "217", 
                    "p50": "234531", 
                    "unit": "microseconds", 
                    "mean": "237643.612903225806477"
                }
            }, 
            {
                "model:alexnet:1:batch_size": {
                    "p99": "32", 
                    "min": "1", 
                    "max": "32", 
                    "p95": "32", 
                    "std_dev": "2.09956263667129551672", 
                    "size": "217", 
                    "p50": "32", 
                    "unit": "queries", 
                    "mean": "31.8571428571428571213"
                }
            }
        ], 
        "meters": [
            {
                "internal:aggregate_model_throughput": {
                    "rate": "54.733134285136181", 
                    "rate_1min": "76.468333356225628", 
                    "rate_15min": "7.2991777492216672", 
                    "unit": "events per second", 
                    "rate_5min": "20.738402018530095"
                }
            }, 
            {
                "app:alexnet:prediction_throughput": {
                    "rate": "0", 
                    "rate_1min": "0", 
                    "rate_15min": "0", 
                    "unit": "events per second", 
                    "rate_5min": "0"
                }
            }, 
            {
                "model:alexnet:1:prediction_throughput": {
                    "rate": "64.69727161133136", 
                    "rate_1min": "75.514119639301057", 
                    "rate_15min": "7.1966459384469967", 
                    "unit": "events per second", 
                    "rate_5min": "20.45360540536748"
                }
            }
        ], 
        "ratio_counters": [
            {
                "app:alexnet:default_prediction_ratio": {
                    "ratio": "0"
                }
            }, 
            {
                "model:alexnet:1:cache_hit_ratio": {
                    "ratio": "0"
                }
            }
        ], 
        "counters": [
            {
                "internal:aggregate_num_predictions": {
                    "count": "10000"
                }
            }, 
            {
                "app:alexnet:num_predictions": {
                    "count": "6913"
                }
            }, 
            {
                "model:alexnet:1:num_predictions": {
                    "count": "6913"
                }
            }
        ]
    }
}