{
    "client_metrics": {
        "thrus": [
            53.65120599863404, 
            70.52352788306354, 
            70.33580423013593, 
            70.33723892575343, 
            70.35213353397762, 
            70.03669222305565, 
            69.77142532207363, 
            69.76473239295125, 
            69.64700113942493, 
            69.46248539551245, 
            69.27846478922028, 
            69.27692898144903, 
            69.56369303907428, 
            69.54042471814397, 
            69.70839236762812, 
            69.36433826768115, 
            69.33853464794572
        ], 
        "p99_lats": [
            0.53234753, 
            0.53265847, 
            0.53214447, 
            0.5319701099999999, 
            0.5323381399999999, 
            0.5437073499999998, 
            0.5330872299999999, 
            0.53301072, 
            0.53254536, 
            0.53306215, 
            0.53469293, 
            0.5945129899999998, 
            0.5328885800000001, 
            0.5329218699999999, 
            0.53260195, 
            0.5337529099999999, 
            0.53325974
        ], 
        "mean_lats": [
            0.528865515, 
            0.526755165, 
            0.526727695, 
            0.5268786599999999, 
            0.526938855, 
            0.52699835, 
            0.527498315, 
            0.52747639, 
            0.527186335, 
            0.527288585, 
            0.527629575, 
            0.52577872, 
            0.52729518, 
            0.5274424799999999, 
            0.52725252, 
            0.5274552299999999, 
            0.52727836
        ]
    }, 
    "node_configs": [
        {
            "model_image": "model-comp/pytorch-alexnet", 
            "name": "alexnet", 
            "cpus_per_replica": 1, 
            "input_type": "floats", 
            "batch_size": 2, 
            "num_replicas": 1, 
            "slo": 500000, 
            "allocated_cpus": [
                16, 
                17, 
                18, 
                19, 
                20, 
                21, 
                22, 
                23, 
                24, 
                25, 
                26, 
                27, 
                28, 
                29, 
                30, 
                31
            ], 
            "gpus": [
                0
            ]
        }
    ], 
    "clipper_metrics": {
        "histograms": [
            {
                "internal:rpc_request_queueing_delay": {
                    "p99": "0", 
                    "min": "0", 
                    "max": "0", 
                    "p95": "0", 
                    "std_dev": "0", 
                    "size": "0", 
                    "p50": "0", 
                    "unit": "microseconds", 
                    "mean": "0"
                }
            }, 
            {
                "app:alexnet:prediction_latency": {
                    "p99": "528758.119999999999891", 
                    "min": "391323", 
                    "max": "881906", 
                    "p95": "528126.599999999996726", 
                    "std_dev": "9043.39285031819846239", 
                    "size": "3595", 
                    "p50": "523386", 
                    "unit": "microseconds", 
                    "mean": "522970.919054242002829"
                }
            }, 
            {
                "model:alexnet:1:prediction_latency": {
                    "p99": "30526.0799999999999272", 
                    "min": "26858", 
                    "max": "881461", 
                    "p95": "29086", 
                    "std_dev": "20115.2463318165029076", 
                    "size": "1798", 
                    "p50": "28491.5", 
                    "unit": "microseconds", 
                    "mean": "28987.7030033370411726"
                }
            }, 
            {
                "model:alexnet:1:batch_size": {
                    "p99": "2", 
                    "min": "1", 
                    "max": "2", 
                    "p95": "2", 
                    "std_dev": "0.0235767724073711272766", 
                    "size": "1798", 
                    "p50": "2", 
                    "unit": "queries", 
                    "mean": "1.99944382647385983148"
                }
            }
        ], 
        "meters": [
            {
                "internal:aggregate_model_throughput": {
                    "rate": "28.443549132417555", 
                    "rate_1min": "39.480318492741944", 
                    "rate_15min": "3.7811450846642387", 
                    "unit": "events per second", 
                    "rate_5min": "10.738071075915821"
                }
            }, 
            {
                "app:alexnet:prediction_throughput": {
                    "rate": "0", 
                    "rate_1min": "0", 
                    "rate_15min": "0", 
                    "unit": "events per second", 
                    "rate_5min": "0"
                }
            }, 
            {
                "model:alexnet:1:prediction_throughput": {
                    "rate": "33.621596830385919", 
                    "rate_1min": "39.192739039412245", 
                    "rate_15min": "3.7411098148609159", 
                    "unit": "events per second", 
                    "rate_5min": "10.630064346420722"
                }
            }
        ], 
        "ratio_counters": [
            {
                "app:alexnet:default_prediction_ratio": {
                    "ratio": "0"
                }
            }, 
            {
                "model:alexnet:1:cache_hit_ratio": {
                    "ratio": "0"
                }
            }
        ], 
        "counters": [
            {
                "internal:aggregate_num_predictions": {
                    "count": "10000"
                }
            }, 
            {
                "app:alexnet:num_predictions": {
                    "count": "3595"
                }
            }, 
            {
                "model:alexnet:1:num_predictions": {
                    "count": "3595"
                }
            }
        ]
    }
}