{
    "client_metrics": {
        "thrus": [
            64.82580819145394, 
            91.39844650060483, 
            91.58498812142705, 
            91.87646657809775, 
            90.9526241423736, 
            91.86730869666472, 
            92.39407365932735, 
            91.86106381542172, 
            91.68684541322801, 
            92.03704675205864, 
            91.84743773202959, 
            92.3626267561599, 
            92.14874281470178, 
            92.22820578326187, 
            92.14428505018869, 
            92.41682947431458, 
            91.90116397419231, 
            92.12824066844566, 
            92.1089353957138, 
            91.28339431824769, 
            91.92008651518542, 
            92.30248076762435, 
            92.3123221256943
        ], 
        "p99_lats": [
            0.5480475699999999, 
            0.54740446, 
            0.5470099399999999, 
            0.5476117100000001, 
            0.55134571, 
            0.5478141400000001, 
            0.54750113, 
            0.5470036500000001, 
            0.5688178199999999, 
            0.54770007, 
            0.5473802699999999, 
            0.5470174200000001, 
            0.5477211999999999, 
            0.54759952, 
            0.54701933, 
            0.54717923, 
            0.5474042200000001, 
            0.60151497, 
            0.5467815300000001, 
            0.54780565, 
            0.54774999, 
            0.54661, 
            0.54691507
        ], 
        "mean_lats": [
            0.5390088399999999, 
            0.536955915, 
            0.536829075, 
            0.537077785, 
            0.53761737, 
            0.537317945, 
            0.5364181650000001, 
            0.5370047200000001, 
            0.5378007499999999, 
            0.536924925, 
            0.5370848599999999, 
            0.536764765, 
            0.5372315249999999, 
            0.5368594400000001, 
            0.53683541, 
            0.53665092, 
            0.537002565, 
            0.536151175, 
            0.53686157, 
            0.5373378050000001, 
            0.5370771, 
            0.536563735, 
            0.5366745500000001
        ]
    }, 
    "node_configs": [
        {
            "model_image": "model-comp/pytorch-alexnet", 
            "name": "alexnet", 
            "cpus_per_replica": 1, 
            "input_type": "floats", 
            "batch_size": 4, 
            "num_replicas": 1, 
            "slo": 500000, 
            "allocated_cpus": [
                16, 
                17, 
                18, 
                19, 
                20, 
                21, 
                22, 
                23, 
                24, 
                25, 
                26, 
                27, 
                28, 
                29, 
                30, 
                31
            ], 
            "gpus": [
                0
            ]
        }
    ], 
    "clipper_metrics": {
        "histograms": [
            {
                "internal:rpc_request_queueing_delay": {
                    "p99": "0", 
                    "min": "0", 
                    "max": "0", 
                    "p95": "0", 
                    "std_dev": "0", 
                    "size": "0", 
                    "p50": "0", 
                    "unit": "microseconds", 
                    "mean": "0"
                }
            }, 
            {
                "app:alexnet:prediction_latency": {
                    "p99": "543653.629999999994652", 
                    "min": "450059", 
                    "max": "897644", 
                    "p95": "542520.149999999999636", 
                    "std_dev": "8705.0627552465712462", 
                    "size": "4096", 
                    "p50": "533162", 
                    "unit": "microseconds", 
                    "mean": "533102.333251953125"
                }
            }, 
            {
                "model:alexnet:1:prediction_latency": {
                    "p99": "46084.1000000000049113", 
                    "min": "41413", 
                    "max": "897222", 
                    "p95": "44234", 
                    "std_dev": "24858.543108729153289", 
                    "size": "1180", 
                    "p50": "43330.5", 
                    "unit": "microseconds", 
                    "mean": "44039.8618644067796772"
                }
            }, 
            {
                "model:alexnet:1:batch_size": {
                    "p99": "4", 
                    "min": "1", 
                    "max": "4", 
                    "p95": "4", 
                    "std_dev": "0.0872963629494376069519", 
                    "size": "1180", 
                    "p50": "4", 
                    "unit": "queries", 
                    "mean": "3.99745762711864401464"
                }
            }
        ], 
        "meters": [
            {
                "internal:aggregate_model_throughput": {
                    "rate": "37.558363064648724", 
                    "rate_1min": "52.445517479215248", 
                    "rate_15min": "5.0356906631363723", 
                    "unit": "events per second", 
                    "rate_5min": "14.294590307146585"
                }
            }, 
            {
                "app:alexnet:prediction_throughput": {
                    "rate": "0", 
                    "rate_1min": "0", 
                    "rate_15min": "0", 
                    "unit": "events per second", 
                    "rate_5min": "0"
                }
            }, 
            {
                "model:alexnet:1:prediction_throughput": {
                    "rate": "44.439987569993214", 
                    "rate_1min": "52.074470605137321", 
                    "rate_15min": "4.9811153829170163", 
                    "unit": "events per second", 
                    "rate_5min": "14.148485927894621"
                }
            }
        ], 
        "ratio_counters": [
            {
                "app:alexnet:default_prediction_ratio": {
                    "ratio": "0"
                }
            }, 
            {
                "model:alexnet:1:cache_hit_ratio": {
                    "ratio": "0"
                }
            }
        ], 
        "counters": [
            {
                "internal:aggregate_num_predictions": {
                    "count": "10000"
                }
            }, 
            {
                "app:alexnet:num_predictions": {
                    "count": "4717"
                }
            }, 
            {
                "model:alexnet:1:num_predictions": {
                    "count": "4717"
                }
            }
        ]
    }
}