{
    "client_metrics": {
        "thrus": [
            108.09303351208318, 
            256.1741164234507, 
            209.5111789927331, 
            192.3197122897104, 
            192.14049312857563, 
            187.1366041068999, 
            192.30806213088871, 
            193.30656681738134, 
            189.4382492874754, 
            192.27441404372317, 
            195.4718935851011, 
            183.97639214935938, 
            192.66282175895375, 
            196.22406040561478, 
            192.11502310663442, 
            192.86124115851746, 
            188.8007189531378, 
            193.39816039669833, 
            193.65414724880392, 
            188.6724815525481, 
            197.6261151053545, 
            183.9469496997066, 
            197.13853417642912, 
            188.5883314741667, 
            195.12118977096674, 
            192.20456716492495, 
            189.0618279442835, 
            191.38005111761163, 
            194.533794897184, 
            188.5707281658668, 
            190.92112761836395, 
            195.9831297721892, 
            192.51983435593453, 
            191.7124619810224, 
            188.83779777360238, 
            190.618518970355, 
            195.56230028200085, 
            188.60398161865598, 
            189.2718805391599, 
            197.13115036868453, 
            187.65915842373812, 
            194.8749828266421, 
            195.69356735674742, 
            192.19182281451472, 
            189.56770979458443, 
            192.67507179554863, 
            191.82223449884523, 
            187.80436044164074, 
            193.3372129667402
        ], 
        "p99_lats": [
            0.6520754899999976, 
            0.40564473999999995, 
            0.17130311999999995, 
            0.10311178, 
            0.10052968, 
            0.10231246, 
            0.09776482999999998, 
            0.10420546999999997, 
            0.10268775999999998, 
            0.10215711999999998, 
            0.14466058999999998, 
            0.10757215999999996, 
            0.1033168, 
            0.10566592999999999, 
            0.10311768999999998, 
            0.10642256, 
            0.10370038999999999, 
            0.10630613, 
            0.10508841, 
            0.10350031, 
            0.10121165999999998, 
            0.10914803999999999, 
            0.10237750999999996, 
            0.10532573999999996, 
            0.10640552999999998, 
            0.10127531000000001, 
            0.10702243999999998, 
            0.10484206999999995, 
            0.10166557, 
            0.11021635, 
            0.10298470999999998, 
            0.10335346999999998, 
            0.10286569999999998, 
            0.10245774999999999, 
            0.10204723999999998, 
            0.10622615, 
            0.10145411999999998, 
            0.10538815999999998, 
            0.10689999999999998, 
            0.10184218999999997, 
            0.10315674, 
            0.10438202999999999, 
            0.10415657999999998, 
            0.10207852999999997, 
            0.10300118, 
            0.10787793, 
            0.10053526999999998, 
            0.10443719999999998, 
            0.10289064999999997
        ], 
        "mean_lats": [
            0.5009264999999999, 
            0.27030464000000004, 
            0.09170027000000001, 
            0.07155691, 
            0.070230825, 
            0.07109826500000001, 
            0.070636625, 
            0.07258721, 
            0.072182095, 
            0.07252287, 
            0.08370617, 
            0.07448086500000001, 
            0.07183904499999999, 
            0.073296295, 
            0.070902255, 
            0.073137785, 
            0.072852345, 
            0.074479695, 
            0.073689015, 
            0.07117399499999999, 
            0.07088911499999999, 
            0.07274096, 
            0.07188594, 
            0.07237541, 
            0.072317325, 
            0.06965351, 
            0.07318385, 
            0.07152188, 
            0.07161092499999999, 
            0.07357883, 
            0.072751395, 
            0.073047655, 
            0.07117179, 
            0.07138853, 
            0.071991085, 
            0.07363228, 
            0.070874995, 
            0.07361511, 
            0.07326276999999999, 
            0.072348025, 
            0.071294915, 
            0.07283632, 
            0.07020184, 
            0.071342935, 
            0.07251884, 
            0.07180804, 
            0.071778355, 
            0.07286606000000001, 
            0.072546265
        ]
    }, 
    "node_configs": [
        {
            "model_image": "model-comp/pytorch-alexnet", 
            "name": "alexnet", 
            "cpus_per_replica": 1, 
            "input_type": "floats", 
            "batch_size": 16, 
            "num_replicas": 2, 
            "slo": 500000, 
            "allocated_cpus": [
                16, 
                17, 
                18, 
                19, 
                20, 
                21, 
                22, 
                23, 
                24, 
                25, 
                26, 
                27, 
                28, 
                29, 
                30, 
                31
            ], 
            "gpus": [
                0, 
                1
            ]
        }
    ], 
    "clipper_metrics": {
        "histograms": [
            {
                "internal:rpc_request_queueing_delay": {
                    "p99": "0", 
                    "min": "0", 
                    "max": "0", 
                    "p95": "0", 
                    "std_dev": "0", 
                    "size": "0", 
                    "p50": "0", 
                    "unit": "microseconds", 
                    "mean": "0"
                }
            }, 
            {
                "app:alexnet:prediction_latency": {
                    "p99": "480873.659999998924832", 
                    "min": "21578", 
                    "max": "630526", 
                    "p95": "104669.999999999956344", 
                    "std_dev": "67812.7618270334019996", 
                    "size": "4096", 
                    "p50": "68906.5", 
                    "unit": "microseconds", 
                    "mean": "80508.179931640625"
                }
            }, 
            {
                "model:alexnet:1:prediction_latency": {
                    "p99": "128507.360000000007858", 
                    "min": "21212", 
                    "max": "927388", 
                    "p95": "64879.4999999999986358", 
                    "std_dev": "31007.9635387798249102", 
                    "size": "2057", 
                    "p50": "51486", 
                    "unit": "microseconds", 
                    "mean": "50507.777831793874558"
                }
            }, 
            {
                "model:alexnet:1:batch_size": {
                    "p99": "16", 
                    "min": "1", 
                    "max": "16", 
                    "p95": "7", 
                    "std_dev": "2.23124989531792272137", 
                    "size": "2057", 
                    "p50": "5", 
                    "unit": "queries", 
                    "mean": "4.81915410792416145508"
                }
            }
        ], 
        "meters": [
            {
                "internal:aggregate_model_throughput": {
                    "rate": "78.331385505523457", 
                    "rate_1min": "108.71546971124944", 
                    "rate_15min": "10.396864989631132", 
                    "unit": "events per second", 
                    "rate_5min": "29.532495281475398"
                }
            }, 
            {
                "app:alexnet:prediction_throughput": {
                    "rate": "0", 
                    "rate_1min": "0", 
                    "rate_15min": "0", 
                    "unit": "events per second",