{
    "client_metrics": {
        "thrus": [
            129.32729116229024, 
            207.9501418739843, 
            192.00491532583237, 
            192.3152739675314, 
            193.25650742974642, 
            192.0578324545087, 
            189.6345741755637, 
            194.01615378496413, 
            189.86969243008525, 
            192.96749269618041, 
            192.07129686539645, 
            193.6813399649824, 
            191.76393093046738, 
            191.85977352872334, 
            192.60938527751642, 
            192.03293748943818, 
            194.65648483479993, 
            192.5722940463387, 
            190.6868540482819, 
            192.38038989733622, 
            191.64779734395316, 
            191.9039559081471, 
            192.9678650614313, 
            192.76179461230785, 
            191.88996261983527, 
            191.28505298595968, 
            189.74936007028316, 
            193.54133220305195, 
            190.62433281483516, 
            194.96787904192783, 
            191.25852893502469, 
            193.16710016583394, 
            193.2912473857359, 
            187.73278865793583, 
            193.4868457967885, 
            190.5954487712788, 
            191.46451205269102, 
            192.95073774714575, 
            193.21282005703642, 
            191.82389032277246, 
            193.32450484761196, 
            191.4053266188345, 
            194.3817833167947, 
            191.9553435088861, 
            191.831801876115, 
            194.10766764108715, 
            191.06412207468887, 
            191.5244677295636, 
            195.0673323664496
        ], 
        "p99_lats": [
            0.9033941200000001, 
            0.20853672999999995, 
            0.05840084999999996, 
            0.06304996999999998, 
            0.0631733, 
            0.06329280999999999, 
            0.06516152999999998, 
            0.06433918000000001, 
            0.06416184999999999, 
            0.06330733000000001, 
            0.06348845, 
            0.061401449999999975, 
            0.06361705000000001, 
            0.06395327999999999, 
            0.06223793999999999, 
            0.06422675, 
            0.06268448, 
            0.06356701, 
            0.062293839999999996, 
            0.05914171999999995, 
            0.06294800999999998, 
            0.06404773, 
            0.06296478999999998, 
            0.062331529999999996, 
            0.06407072999999999, 
            0.06358266, 
            0.08499171999999997, 
            0.05829554999999996, 
            0.06183303999999999, 
            0.059534799999999964, 
            0.06212996999999999, 
            0.06342648999999997, 
            0.06267154, 
            0.07142836999999998, 
            0.057627309999999994, 
            0.06277133, 
            0.06371111, 
            0.06397021999999998, 
            0.062289739999999996, 
            0.06241363999999999, 
            0.06246314999999999, 
            0.06323679, 
            0.06393592999999999, 
            0.057569929999999984, 
            0.062041599999999995, 
            0.06305651, 
            0.06318155, 
            0.05840634999999996, 
            0.061912079999999994
        ], 
        "mean_lats": [
            0.403038605, 
            0.050372795000000005, 
            0.039820635, 
            0.04029623499999999, 
            0.040604839999999996, 
            0.041073255, 
            0.04180077, 
            0.041148489999999996, 
            0.041309705, 
            0.04098490999999999, 
            0.04178834, 
            0.040865969999999995, 
            0.040758930000000006, 
            0.04096115, 
            0.041195805, 
            0.04109164, 
            0.04092684, 
            0.040772445, 
            0.040937970000000004, 
            0.04125292, 
            0.040907015, 
            0.04164488, 
            0.040973464999999994, 
            0.04042288, 
            0.04106125000000001, 
            0.040683985000000006, 
            0.042903960000000005, 
            0.039836365, 
            0.04097713, 
            0.04151727, 
            0.04080189, 
            0.041546555, 
            0.04051197, 
            0.04147104499999999, 
            0.040632835, 
            0.04077864999999999, 
            0.040917955, 
            0.04116085, 
            0.04034031, 
            0.040773355000000004, 
            0.040816895000000006, 
            0.04045232499999999, 
            0.04124342499999999, 
            0.040117574999999996, 
            0.04071289, 
            0.040775595000000005, 
            0.040926695000000006, 
            0.040787615000000006, 
            0.040674400000000006
        ]
    }, 
    "node_configs": [
        {
            "model_image": "model-comp/pytorch-alexnet", 
            "name": "alexnet", 
            "cpus_per_replica": 1, 
            "input_type": "floats", 
            "batch_size": 32, 
            "num_replicas": 3, 
            "slo": 500000, 
            "allocated_cpus": [
                16, 
                17, 
                18, 
                19, 
                20, 
                21, 
                22, 
                23, 
                24, 
                25, 
                26, 
                27, 
                28, 
                29, 
                30, 
                31
            ], 
            "gpus": [
                0, 
                1, 
                2
            ]
        }
    ], 
    "clipper_metrics": {
        "histograms": [
            {
                "internal:rpc_request_queueing_delay": {
                    "p99": "0", 
                    "min": "0", 
                    "max": "0", 
                    "p95": "0", 
                    "std_dev": "0", 
                    "size": "0", 
                    "p50": "0", 
                    "unit": "microseconds", 
                    "mean": "0"
                }
            }, 
            {
                "app:alexnet:prediction_latency": {
                    "p99": "363400.839999997369887", 
                    "min": "20391", 
                    "max": "931433", 
                    "p95": "53823.8999999999978172", 
                    "std_dev": "54627.4064210201582483", 
                    "size": "4096", 
                    "p50": "37302.5", 
                    "unit": "microseconds", 
                    "mean": "42640.6748046875"
                }
            }, 
            {
                "model:alexnet:1:prediction_latency": {
                    "p99": "43423.2099999999982174", 
                    "min": "20268", 
                    "max": "931267", 
                    "p95": "37961", 
                    "std_dev": "22131.8407851632814971", 
                    "size": "4096", 
                    "p50": "22962", 
                    "unit": "microseconds", 
                    "mean": "28217.6689453125"
                }
            }, 
            {
                "model:alexnet:1:batch_size": {
                    "p99": "4", 
                    "min": "1", 
                    "max": "32", 
                    "p95": "3", 
                    "std_dev": "1.30391572065439552734", 
                    "size": "4096", 
                    "p50": "1", 
                    "unit": "queries", 
                    "mean": "1.802978515625"
                }
            }
        ], 
        "meters": [
            {
                "internal:aggregate_model_throughput": {
                    "rate": "78.131691059795415", 
                    "rate_1min": "108.14241081979452", 
                    "rate_15min": "10.313805814207457", 
                    "unit": "events per second", 
                    "rate_5min": "29.309408530889446"
                }
            }, 
            {
                "app:alexnet:prediction_throughput": {
                    "rate": "0", 
                    "rate_1min": "0",