{
    "client_metrics": {
        "thrus": [
            136.69932641406908, 
            193.19452950370257, 
            192.48833520688646, 
            192.0108140490472, 
            189.82049624772333, 
            192.76123725727746, 
            193.07777558956298, 
            192.5578323379698, 
            190.7274057162911, 
            192.04529196165626, 
            194.24623235151577, 
            189.49891748743386, 
            194.1894628913646, 
            190.29477612295324, 
            194.23453626018883, 
            187.94590165166858, 
            190.8127478180562, 
            194.26472259483276, 
            190.644502336825, 
            192.84933934637573, 
            192.8818868477699, 
            192.03957551572228, 
            191.39635121996034, 
            193.12233430827928, 
            192.35763130812808, 
            189.37600606003218, 
            192.16578526626492, 
            192.42370159702048, 
            192.81643104498795, 
            193.40302288924775, 
            192.18388153785543, 
            191.06941551865793, 
            192.9479455385129, 
            191.63439224110672, 
            192.8329767530205, 
            190.71431091581965, 
            192.19440848807386, 
            193.90893260888956, 
            191.2332921863033, 
            193.52204312832254, 
            191.62007105272232, 
            193.04423029404495, 
            190.42395990433099, 
            189.30430667297682, 
            194.13461099791985, 
            192.03164681539516, 
            191.04076141205869, 
            191.7688954686928, 
            194.46607879571047
        ], 
        "p99_lats": [
            0.9312030299999998, 
            0.04186231, 
            0.04227831, 
            0.04258852, 
            0.04231061, 
            0.04330782, 
            0.0418177, 
            0.039947380000000005, 
            0.040864649999999995, 
            0.04279754, 
            0.041251140000000006, 
            0.041017899999999996, 
            0.05941444999999995, 
            0.04258679999999999, 
            0.0418982, 
            0.04092257, 
            0.04198738999999999, 
            0.040998339999999994, 
            0.04049286, 
            0.05911220999999996, 
            0.041274179999999994, 
            0.04080964, 
            0.04145422000000001, 
            0.05796377999999996, 
            0.04239132, 
            0.04474325999999999, 
            0.042328519999999994, 
            0.06041324999999995, 
            0.04205216, 
            0.040959609999999994, 
            0.04094012, 
            0.06048405999999995, 
            0.051193359999999966, 
            0.04154677, 
            0.040825879999999995, 
            0.05986655999999996, 
            0.045085969999999954, 
            0.040323349999999994, 
            0.04036277, 
            0.04085716, 
            0.058617209999999954, 
            0.04165468, 
            0.04264835, 
            0.042905209999999985, 
            0.050570619999999955, 
            0.04112249, 
            0.040504889999999995, 
            0.05738389999999996, 
            0.04471168999999996
        ], 
        "mean_lats": [
            0.34822306, 
            0.030852425000000003, 
            0.030614699999999998, 
            0.030629514999999996, 
            0.030671724999999997, 
            0.031148355, 
            0.030235315, 
            0.02887564, 
            0.029775670000000004, 
            0.030393950000000003, 
            0.030203125, 
            0.029961474999999998, 
            0.03200159999999999, 
            0.030481030000000003, 
            0.030469785, 
            0.030007475000000002, 
            0.030382794999999997, 
            0.029648789999999998, 
            0.029804145, 
            0.031316199999999995, 
            0.03029193, 
            0.029656585, 
            0.030112100000000003, 
            0.031482025, 
            0.03051167, 
            0.030455654999999995, 
            0.030668345, 
            0.03110232, 
            0.030470550000000002, 
            0.029294475, 
            0.029560829999999996, 
            0.031016870000000002, 
            0.030801045, 
            0.030229545, 
            0.029817609999999998, 
            0.030955174999999998, 
            0.0304658, 
            0.029880515, 
            0.029690589999999996, 
            0.030093855000000006, 
            0.031622884999999996, 
            0.030349735000000003, 
            0.030657539999999997, 
            0.030511805, 
            0.031374515, 
            0.030160229999999996, 
            0.029922415, 
            0.031353309999999995, 
            0.0303429
        ]
    }, 
    "node_configs": [
        {
            "model_image": "model-comp/pytorch-alexnet", 
            "name": "alexnet", 
            "cpus_per_replica": 1, 
            "input_type": "floats", 
            "batch_size": 32, 
            "num_replicas": 4, 
            "slo": 500000, 
            "allocated_cpus": [
                16, 
                17, 
                18, 
                19, 
                20, 
                21, 
                22, 
                23, 
                24, 
                25, 
                26, 
                27, 
                28, 
                29, 
                30, 
                31
            ], 
            "gpus": [
                0, 
                1, 
                2, 
                3
            ]
        }
    ], 
    "clipper_metrics": {
        "histograms": [
            {
                "internal:rpc_request_queueing_delay": {
                    "p99": "0", 
                    "min": "0", 
                    "max": "0", 
                    "p95": "0", 
                    "std_dev": "0", 
                    "size": "0", 
                    "p50": "0", 
                    "unit": "microseconds", 
                    "mean": "0"
                }
            }, 
            {
                "app:alexnet:prediction_latency": {
                    "p99": "357940.049999997469968", 
                    "min": "20322", 
                    "max": "943940", 
                    "p95": "36971.2999999999992724", 
                    "std_dev": "59295.9305389808867375", 
                    "size": "4096", 
                    "p50": "22002", 
                    "unit": "microseconds", 
                    "mean": "32685.35595703125"
                }
            }, 
            {
                "model:alexnet:1:prediction_latency": {
                    "p99": "30806.3299999999971988", 
                    "min": "20260", 
                    "max": "927439", 
                    "p95": "29827.1999999999970896", 
                    "std_dev": "15536.920026250285285", 
                    "size": "4096", 
                    "p50": "21449", 
                    "unit": "microseconds", 
                    "mean": "23544.574951171875"
                }
            }, 
            {
                "model:alexnet:1:batch_size": {
                    "p99": "2", 
                    "min": "1", 
                    "max": "32", 
                    "p95": "2", 
                    "std_dev": "0.718899752731163979038", 
                    "size": "4096", 
                    "p50": "1", 
                    "unit": "queries", 
                    "mean": "1.24462890625"
                }
            }
        ], 
        "meters": [
            {
                "internal:aggregate_model_throughput": {
                    "rate": "77.519557336445828", 
                    "rate_1min": "106.67462496824338", 
                    "rate_15min": "10.113331907381857", 
                    "unit": "events per second", 
                    "rate_5min": "28.766983303095422"
                }
            }, 
            {
                "app:alexnet:prediction_throughput": {
                    "rate": "0",