{
    "client_metrics": {
        "thrus": [
            105.7202030250779, 
            203.08485900833665, 
            203.4298268812173, 
            205.77910025146207, 
            203.28901294036214, 
            200.20240463108203, 
            207.79911643815691, 
            204.03041685454468, 
            192.01947845589459, 
            192.01910974180151, 
            191.38591150889607, 
            189.7869925688903, 
            192.5702544430772, 
            195.7462384913446, 
            189.70094594376692, 
            192.4185179733327, 
            193.14228985636007, 
            188.83351870490418, 
            193.43388671544426, 
            191.18448346732177, 
            193.08374041821938, 
            194.2726480624703, 
            190.1218395808954, 
            192.42073949214395, 
            193.74963671943115, 
            192.47944319546673, 
            192.6607802376278, 
            189.98223666087222, 
            193.31067732195118, 
            190.93917250781416, 
            192.64890315346992, 
            194.6792221786357, 
            189.18486861583838, 
            195.22670701351944, 
            189.25450756923402, 
            193.16336888505137, 
            192.82163613014689, 
            189.9549901650804, 
            194.02594126834757, 
            192.23209334021524, 
            190.2098966209212, 
            192.54652405387452, 
            192.71164556474147, 
            195.31097413301458, 
            190.97545487966158, 
            192.53966557785483, 
            189.6579518837776, 
            193.38263946030773, 
            194.32040325370082
        ], 
        "p99_lats": [
            0.9031045, 
            0.46441956999999995, 
            0.40088000999999995, 
            0.34888491999999993, 
            0.2861754, 
            0.22494931999999998, 
            0.18015583000000002, 
            0.10623835999999999, 
            0.05831620999999999, 
            0.058542290000000004, 
            0.05736061, 
            0.05785041999999999, 
            0.05692004, 
            0.05717173, 
            0.057164469999999995, 
            0.058171839999999995, 
            0.05756268999999999, 
            0.05631844, 
            0.05642591, 
            0.05819265, 
            0.05593019, 
            0.05572891, 
            0.056957879999999995, 
            0.056616339999999994, 
            0.05670483, 
            0.056390939999999994, 
            0.05678779999999999, 
            0.056003290000000004, 
            0.06010702, 
            0.05619549, 
            0.056502899999999995, 
            0.056907269999999996, 
            0.056120210000000004, 
            0.05737492, 
            0.05661019999999999, 
            0.05684, 
            0.05656474, 
            0.05690053999999999, 
            0.056562549999999996, 
            0.05655939, 
            0.05578184, 
            0.05651661, 
            0.05681136, 
            0.056273079999999996, 
            0.056055469999999996, 
            0.05663652, 
            0.05593603999999999, 
            0.05623411, 
            0.056237239999999994
        ], 
        "mean_lats": [
            0.49970854000000003, 
            0.42778946500000004, 
            0.36899468500000004, 
            0.31470044999999996, 
            0.2526908, 
            0.19657220000000003, 
            0.14382276, 
            0.07648421000000001, 
            0.04486841500000001, 
            0.04598540500000001, 
            0.045615035, 
            0.045459215000000004, 
            0.045035515, 
            0.044630325000000005, 
            0.045556985, 
            0.04562497499999999, 
            0.045967955, 
            0.04497595000000001, 
            0.04458304, 
            0.0450821, 
            0.044405745, 
            0.04442761, 
            0.04483558000000001, 
            0.044450130000000004, 
            0.04482211999999999, 
            0.044823965, 
            0.044518515, 
            0.044703889999999996, 
            0.04576117500000001, 
            0.044203280000000005, 
            0.044781435, 
            0.044525579999999995, 
            0.0441513, 
            0.04547519999999999, 
            0.044961465, 
            0.04473737, 
            0.04492779499999999, 
            0.04418068, 
            0.044225995000000004, 
            0.044996665, 
            0.04394429, 
            0.044699095, 
            0.04497129999999999, 
            0.0443778, 
            0.044527649999999995, 
            0.04464074999999999, 
            0.04456517499999999, 
            0.04455957, 
            0.0441201
        ]
    }, 
    "node_configs": [
        {
            "model_image": "model-comp/pytorch-alexnet", 
            "name": "alexnet", 
            "cpus_per_replica": 1, 
            "input_type": "floats", 
            "batch_size": 2, 
            "num_replicas": 3, 
            "slo": 500000, 
            "allocated_cpus": [
                16, 
                17, 
                18, 
                19, 
                20, 
                21, 
                22, 
                23, 
                24, 
                25, 
                26, 
                27, 
                28, 
                29, 
                30, 
                31
            ], 
            "gpus": [
                0, 
                1, 
                2
            ]
        }
    ], 
    "clipper_metrics": {
        "histograms": [
            {
                "internal:rpc_request_queueing_delay": {
                    "p99": "0", 
                    "min": "0", 
                    "max": "0", 
                    "p95": "0", 
                    "std_dev": "0", 
                    "size": "0", 
                    "p50": "0", 
                    "unit": "microseconds", 
                    "mean": "0"
                }
            }, 
            {
                "app:alexnet:prediction_latency": {
                    "p99": "486067.11999999982072", 
                    "min": "21685", 
                    "max": "524364", 
                    "p95": "364828.249999999936335", 
                    "std_dev": "103632.333229730079594", 
                    "size": "4096", 
                    "p50": "43483", 
                    "unit": "microseconds", 
                    "mean": "79304.250244140625"
                }
            }, 
            {
                "model:alexnet:1:prediction_latency": {
                    "p99": "31457.1199999999989814", 
                    "min": "20508", 
                    "max": "909195", 
                    "p95": "30636", 
                    "std_dev": "23871.5524595710842757", 
                    "size": "4096", 
                    "p50": "29343", 
                    "unit": "microseconds", 
                    "mean": "28940.2451171875"
                }
            }, 
            {
                "model:alexnet:1:batch_size": {
                    "p99": "2", 
                    "min": "1", 
                    "max": "2", 
                    "p95": "2", 
                    "std_dev": "0.374055228612810313047", 
                    "size": "4096", 
                    "p50": "2", 
                    "unit": "queries", 
                    "mean": "1.831787109375"
                }
            }
        ], 
        "meters": [
            {
                "internal:aggregate_model_throughput": {
                    "rate": "78.150564488326765", 
                    "rate_1min": "108.25824626441246", 
                    "rate_15min": "10.3236703739897", 
                    "unit": "events per second", 
                    "rate_5min": "29.338147604911207"
                }
            }, 
            {
                "app:alexnet:prediction_throughput": {
                    "rate": "0", 
                    "rate_1min": "0", 
                    "rate_15min": "0",