{
    "client_metrics": {
        "thrus": [
            75.49494485849227, 
            113.9365475972776, 
            112.97692502794767, 
            113.18234808099328, 
            113.53205605985865, 
            113.59737908126984, 
            114.42819373379768, 
            116.0810570805382, 
            116.76418422118873, 
            117.01558764643038, 
            115.14873762438941, 
            117.66706222410751, 
            115.61555746064302, 
            115.8086979280666, 
            101.50553002127556, 
            115.8632419809602, 
            115.46070843226873, 
            115.9525823509734, 
            115.24474815277075, 
            116.38605020079504, 
            117.23755494044919, 
            116.19442348103388, 
            117.63584881911254, 
            117.39913946430774, 
            116.66242793178515, 
            117.37757372338685, 
            117.75366051972934, 
            115.7770550716718, 
            115.97214812890536
        ], 
        "p99_lats": [
            0.57495584, 
            0.57327012, 
            0.57372438, 
            0.57618043, 
            0.57367881, 
            0.57367614, 
            0.5729520699999999, 
            0.57151875, 
            0.57088459, 
            0.5708684300000001, 
            0.5721601000000001, 
            0.5704907100000001, 
            0.59820522, 
            0.57226342, 
            0.7977737699999999, 
            0.5736816199999999, 
            0.5719695499999999, 
            0.57173842, 
            0.5728527, 
            0.5707845400000001, 
            0.57124825, 
            0.57116, 
            0.57035356, 
            0.56977588, 
            0.571132, 
            0.5694464, 
            0.56998419, 
            0.6375326099999998, 
            0.57122951
        ], 
        "mean_lats": [
            0.55544516, 
            0.5536163399999999, 
            0.55380396, 
            0.5540504199999999, 
            0.55355352, 
            0.553559625, 
            0.552570975, 
            0.55138236, 
            0.5514127600000001, 
            0.551521955, 
            0.552159145, 
            0.550764645, 
            0.55347006, 
            0.5497949000000001, 
            0.56183966, 
            0.55199567, 
            0.5517296500000001, 
            0.5519329949999999, 
            0.5522132, 
            0.550942705, 
            0.551105115, 
            0.551108775, 
            0.5496287200000001, 
            0.550680155, 
            0.55113408, 
            0.550612675, 
            0.55130072, 
            0.547901915, 
            0.55170399
        ]
    }, 
    "node_configs": [
        {
            "model_image": "model-comp/pytorch-alexnet", 
            "name": "alexnet", 
            "cpus_per_replica": 1, 
            "input_type": "floats", 
            "batch_size": 8, 
            "num_replicas": 1, 
            "slo": 500000, 
            "allocated_cpus": [
                16, 
                17, 
                18, 
                19, 
                20, 
                21, 
                22, 
                23, 
                24, 
                25, 
                26, 
                27, 
                28, 
                29, 
                30, 
                31
            ], 
            "gpus": [
                0
            ]
        }
    ], 
    "clipper_metrics": {
        "histograms": [
            {
                "internal:rpc_request_queueing_delay": {
                    "p99": "0", 
                    "min": "0", 
                    "max": "0", 
                    "p95": "0", 
                    "std_dev": "0", 
                    "size": "0", 
                    "p50": "0", 
                    "unit": "microseconds", 
                    "mean": "0"
                }
            }, 
            {
                "app:alexnet:prediction_latency": {
                    "p99": "568688.009999999982938", 
                    "min": "437466", 
                    "max": "877263", 
                    "p95": "565938.699999999993452", 
                    "std_dev": "16453.9460899767422255", 
                    "size": "4096", 
                    "p50": "546745.5", 
                    "unit": "microseconds", 
                    "mean": "547074.3701171875"
                }
            }, 
            {
                "model:alexnet:1:prediction_latency": {
                    "p99": "74164.0500000000282625", 
                    "min": "65327", 
                    "max": "876849", 
                    "p95": "70743.1000000000001364", 
                    "std_dev": "30926.3484396243554411", 
                    "size": "742", 
                    "p50": "67891.5", 
                    "unit": "microseconds", 
                    "mean": "69624.8692722371967463"
                }
            }, 
            {
                "model:alexnet:1:batch_size": {
                    "p99": "8", 
                    "min": "1", 
                    "max": "8", 
                    "p95": "8", 
                    "std_dev": "0.256804860166343388179", 
                    "size": "742", 
                    "p50": "8", 
                    "unit": "queries", 
                    "mean": "7.99056603773584910077"
                }
            }
        ], 
        "meters": [
            {
                "internal:aggregate_model_throughput": {
                    "rate": "47.001166998784988", 
                    "rate_1min": "65.49139818132906", 
                    "rate_15min": "6.2608307101243943", 
                    "unit": "events per second", 
                    "rate_5min": "17.784294287363299"
                }
            }, 
            {
                "app:alexnet:prediction_throughput": {
                    "rate": "0", 
                    "rate_1min": "0", 
                    "rate_15min": "0", 
                    "unit": "events per second", 
                    "rate_5min": "0"
                }
            }, 
            {
                "model:alexnet:1:prediction_throughput": {
                    "rate": "55.560865808654711", 
                    "rate_1min": "65.038929633250859", 
                    "rate_15min": "6.1936621878945752", 
                    "unit": "events per second", 
                    "rate_5min": "17.604521921781537"
                }
            }
        ], 
        "ratio_counters": [
            {
                "app:alexnet:default_prediction_ratio": {
                    "ratio": "0"
                }
            }, 
            {
                "model:alexnet:1:cache_hit_ratio": {
                    "ratio": "0"
                }
            }
        ], 
        "counters": [
            {
                "internal:aggregate_num_predictions": {
                    "count": "10000"
                }
            }, 
            {
                "app:alexnet:num_predictions": {
                    "count": "5929"
                }
            }, 
            {
                "model:alexnet:1:num_predictions": {
                    "count": "5929"
                }
            }
        ]
    }
}